name,description,code,quantity,quantity_per_user,date_from,date_to,minimum_amount,reduction_amount
Kod 100 jednorazowy,Kupon jednorazowy powyżej 2000 zł,0440-b0ae-41fd,1,1,2025-05-28 12:24:11,2025-12-31 23:59:59,2000.0,100.0
Kod 100 jednorazowy,Kupon jednorazowy powyżej 2000 zł,0440-2e9b-438e,1,1,2025-05-28 12:24:11,2025-12-31 23:59:59,2000.0,100.0
Kod 100 jednorazowy,Kupon jednorazowy powyżej 2000 zł,0447-41ea-4296,1,1,2025-05-28 12:24:11,2025-12-31 23:59:59,2000.0,100.0
Kod 100 jednorazowy,Kupon jednorazowy powyżej 2000 zł,044b-bafd-4c44,1,1,2025-05-28 12:24:11,2025-12-31 23:59:59,2000.0,100.0
Kod 100 jednorazowy,Kupon jednorazowy powyżej 2000 zł,0442-8637-4ad5,1,1,2025-05-28 12:24:11,2025-12-31 23:59:59,2000.0,100.0
Kod 100 jednorazowy,Kupon jednorazowy powyżej 2000 zł,044d-561e-4a97,1,1,2025-05-28 12:24:11,2025-12-31 23:59:59,2000.0,100.0
Kod 100 jednorazowy,Kupon jednorazowy powyżej 2000 zł,0442-7f82-4a0f,1,1,2025-05-28 12:24:11,2025-12-31 23:59:59,2000.0,100.0
Kod 100 jednorazowy,Kupon jednorazowy powyżej 2000 zł,044b-210b-4743,1,1,2025-05-28 12:24:11,2025-12-31 23:59:59,2000.0,100.0
Kod 100 jednorazowy,Kupon jednorazowy powyżej 2000 zł,0441-6073-4f81,1,1,2025-05-28 12:24:11,2025-12-31 23:59:59,2000.0,100.0
Kod 100 jednorazowy,Kupon jednorazowy powyżej 2000 zł,0440-c3e8-4576,1,1,2025-05-28 12:24:11,2025-12-31 23:59:59,2000.0,100.0
Kod 100 jednorazowy,Kupon jednorazowy powyżej 2000 zł,0441-9fc3-4641,1,1,2025-05-28 12:24:11,2025-12-31 23:59:59,2000.0,100.0
Kod 100 jednorazowy,Kupon jednorazowy powyżej 2000 zł,044b-5c7f-4523,1,1,2025-05-28 12:24:11,2025-12-31 23:59:59,2000.0,100.0
Kod 100 jednorazowy,Kupon jednorazowy powyżej 2000 zł,044a-7cad-42bc,1,1,2025-05-28 12:24:11,2025-12-31 23:59:59,2000.0,100.0
Kod 100 jednorazowy,Kupon jednorazowy powyżej 2000 zł,0447-9981-4ab8,1,1,2025-05-28 12:24:11,2025-12-31 23:59:59,2000.0,100.0
Kod 100 jednorazowy,Kupon jednorazowy powyżej 2000 zł,044a-27e4-463f,1,1,2025-05-28 12:24:11,2025-12-31 23:59:59,2000.0,100.0
Kod 100 jednorazowy,Kupon jednorazowy powyżej 2000 zł,044e-b1d9-4d96,1,1,2025-05-28 12:24:11,2025-12-31 23:59:59,2000.0,100.0
Kod 100 jednorazowy,Kupon jednorazowy powyżej 2000 zł,0441-cd9b-4eab,1,1,2025-05-28 12:24:11,2025-12-31 23:59:59,2000.0,100.0
Kod 100 jednorazowy,Kupon jednorazowy powyżej 2000 zł,044f-f2e5-4ad7,1,1,2025-05-28 12:24:11,2025-12-31 23:59:59,2000.0,100.0
Kod 100 jednorazowy,Kupon jednorazowy powyżej 2000 zł,0440-e99a-46a5,1,1,2025-05-28 12:24:11,2025-12-31 23:59:59,2000.0,100.0
Kod 100 jednorazowy,Kupon jednorazowy powyżej 2000 zł,044a-934a-490a,1,1,2025-05-28 12:24:11,2025-12-31 23:59:59,2000.0,100.0
Kod 100 jednorazowy,Kupon jednorazowy powyżej 2000 zł,0441-1093-4da4,1,1,2025-05-28 12:24:11,2025-12-31 23:59:59,2000.0,100.0
Kod 100 jednorazowy,Kupon jednorazowy powyżej 2000 zł,0449-58fe-4f7e,1,1,2025-05-28 12:24:11,2025-12-31 23:59:59,2000.0,100.0
Kod 100 jednorazowy,Kupon jednorazowy powyżej 2000 zł,044d-0c0d-4031,1,1,2025-05-28 12:24:11,2025-12-31 23:59:59,2000.0,100.0
Kod 100 jednorazowy,Kupon jednorazowy powyżej 2000 zł,044a-a5b2-4621,1,1,2025-05-28 12:24:11,2025-12-31 23:59:59,2000.0,100.0
Kod 100 jednorazowy,Kupon jednorazowy powyżej 2000 zł,0445-e623-4764,1,1,2025-05-28 12:24:11,2025-12-31 23:59:59,2000.0,100.0
Kod 100 jednorazowy,Kupon jednorazowy powyżej 2000 zł,044a-41d8-44ed,1,1,2025-05-28 12:24:11,2025-12-31 23:59:59,2000.0,100.0
Kod 100 jednorazowy,Kupon jednorazowy powyżej 2000 zł,0447-6927-40eb,1,1,2025-05-28 12:24:11,2025-12-31 23:59:59,2000.0,100.0
Kod 100 jednorazowy,Kupon jednorazowy powyżej 2000 zł,0441-6b49-470b,1,1,2025-05-28 12:24:11,2025-12-31 23:59:59,2000.0,100.0
Kod 100 jednorazowy,Kupon jednorazowy powyżej 2000 zł,0442-386d-46fd,1,1,2025-05-28 12:24:11,2025-12-31 23:59:59,2000.0,100.0
Kod 100 jednorazowy,Kupon jednorazowy powyżej 2000 zł,044d-9d10-4773,1,1,2025-05-28 12:24:11,2025-12-31 23:59:59,2000.0,100.0
Kod 100 jednorazowy,Kupon jednorazowy powyżej 2000 zł,044e-36dc-4870,1,1,2025-05-28 12:24:11,2025-12-31 23:59:59,2000.0,100.0
Kod 100 jednorazowy,Kupon jednorazowy powyżej 2000 zł,0447-1bc4-4c14,1,1,2025-05-28 12:24:11,2025-12-31 23:59:59,2000.0,100.0
Kod 100 jednorazowy,Kupon jednorazowy powyżej 2000 zł,0441-44e3-44c0,1,1,2025-05-28 12:24:11,2025-12-31 23:59:59,2000.0,100.0
Kod 100 jednorazowy,Kupon jednorazowy powyżej 2000 zł,0440-706d-4c23,1,1,2025-05-28 12:24:11,2025-12-31 23:59:59,2000.0,100.0
Kod 100 jednorazowy,Kupon jednorazowy powyżej 2000 zł,044d-8302-4af6,1,1,2025-05-28 12:24:11,2025-12-31 23:59:59,2000.0,100.0
Kod 100 jednorazowy,Kupon jednorazowy powyżej 2000 zł,0446-fd28-4feb,1,1,2025-05-28 12:24:11,2025-12-31 23:59:59,2000.0,100.0
Kod 100 jednorazowy,Kupon jednorazowy powyżej 2000 zł,044f-fe25-4d9a,1,1,2025-05-28 12:24:11,2025-12-31 23:59:59,2000.0,100.0
Kod 100 jednorazowy,Kupon jednorazowy powyżej 2000 zł,044a-b418-4976,1,1,2025-05-28 12:24:11,2025-12-31 23:59:59,2000.0,100.0
Kod 100 jednorazowy,Kupon jednorazowy powyżej 2000 zł,044f-90a7-4181,1,1,2025-05-28 12:24:11,2025-12-31 23:59:59,2000.0,100.0
Kod 100 jednorazowy,Kupon jednorazowy powyżej 2000 zł,044a-7b69-45f1,1,1,2025-05-28 12:24:11,2025-12-31 23:59:59,2000.0,100.0
Kod 100 jednorazowy,Kupon jednorazowy powyżej 2000 zł,0448-4250-427f,1,1,2025-05-28 12:24:11,2025-12-31 23:59:59,2000.0,100.0
Kod 100 jednorazowy,Kupon jednorazowy powyżej 2000 zł,044c-37a0-445f,1,1,2025-05-28 12:24:11,2025-12-31 23:59:59,2000.0,100.0
Kod 100 jednorazowy,Kupon jednorazowy powyżej 2000 zł,0441-6546-4d68,1,1,2025-05-28 12:24:11,2025-12-31 23:59:59,2000.0,100.0
Kod 100 jednorazowy,Kupon jednorazowy powyżej 2000 zł,044d-0bde-4968,1,1,2025-05-28 12:24:11,2025-12-31 23:59:59,2000.0,100.0
Kod 100 jednorazowy,Kupon jednorazowy powyżej 2000 zł,0446-4e84-47d4,1,1,2025-05-28 12:24:11,2025-12-31 23:59:59,2000.0,100.0
Kod 100 jednorazowy,Kupon jednorazowy powyżej 2000 zł,0440-4e91-41ea,1,1,2025-05-28 12:24:11,2025-12-31 23:59:59,2000.0,100.0
Kod 100 jednorazowy,Kupon jednorazowy powyżej 2000 zł,044c-a347-48c4,1,1,2025-05-28 12:24:11,2025-12-31 23:59:59,2000.0,100.0
Kod 100 jednorazowy,Kupon jednorazowy powyżej 2000 zł,044e-335b-499c,1,1,2025-05-28 12:24:11,2025-12-31 23:59:59,2000.0,100.0
Kod 100 jednorazowy,Kupon jednorazowy powyżej 2000 zł,0446-6e4f-4567,1,1,2025-05-28 12:24:11,2025-12-31 23:59:59,2000.0,100.0
Kod 100 jednorazowy,Kupon jednorazowy powyżej 2000 zł,0444-e211-4f8a,1,1,2025-05-28 12:24:11,2025-12-31 23:59:59,2000.0,100.0
Kod 100 jednorazowy,Kupon jednorazowy powyżej 2000 zł,044d-9cc7-4fa3,1,1,2025-05-28 12:24:11,2025-12-31 23:59:59,2000.0,100.0
Kod 100 jednorazowy,Kupon jednorazowy powyżej 2000 zł,0440-7277-46c0,1,1,2025-05-28 12:24:11,2025-12-31 23:59:59,2000.0,100.0
Kod 100 jednorazowy,Kupon jednorazowy powyżej 2000 zł,0447-0066-43a5,1,1,2025-05-28 12:24:11,2025-12-31 23:59:59,2000.0,100.0
Kod 100 jednorazowy,Kupon jednorazowy powyżej 2000 zł,0441-26cb-4f55,1,1,2025-05-28 12:24:11,2025-12-31 23:59:59,2000.0,100.0
Kod 100 jednorazowy,Kupon jednorazowy powyżej 2000 zł,044a-00f9-49fd,1,1,2025-05-28 12:24:11,2025-12-31 23:59:59,2000.0,100.0
Kod 100 jednorazowy,Kupon jednorazowy powyżej 2000 zł,044d-3a7e-4426,1,1,2025-05-28 12:24:11,2025-12-31 23:59:59,2000.0,100.0
Kod 100 jednorazowy,Kupon jednorazowy powyżej 2000 zł,044d-6f13-4a85,1,1,2025-05-28 12:24:11,2025-12-31 23:59:59,2000.0,100.0
Kod 100 jednorazowy,Kupon jednorazowy powyżej 2000 zł,0445-227f-404a,1,1,2025-05-28 12:24:11,2025-12-31 23:59:59,2000.0,100.0
Kod 100 jednorazowy,Kupon jednorazowy powyżej 2000 zł,0440-d73d-4795,1,1,2025-05-28 12:24:11,2025-12-31 23:59:59,2000.0,100.0
Kod 100 jednorazowy,Kupon jednorazowy powyżej 2000 zł,0447-05d8-47f9,1,1,2025-05-28 12:24:11,2025-12-31 23:59:59,2000.0,100.0
Kod 100 jednorazowy,Kupon jednorazowy powyżej 2000 zł,0448-ebe8-4320,1,1,2025-05-28 12:24:11,2025-12-31 23:59:59,2000.0,100.0
Kod 100 jednorazowy,Kupon jednorazowy powyżej 2000 zł,0441-75d1-4b4e,1,1,2025-05-28 12:24:11,2025-12-31 23:59:59,2000.0,100.0
Kod 100 jednorazowy,Kupon jednorazowy powyżej 2000 zł,0444-5d6b-48ab,1,1,2025-05-28 12:24:11,2025-12-31 23:59:59,2000.0,100.0
Kod 100 jednorazowy,Kupon jednorazowy powyżej 2000 zł,0449-084a-439c,1,1,2025-05-28 12:24:11,2025-12-31 23:59:59,2000.0,100.0
Kod 100 jednorazowy,Kupon jednorazowy powyżej 2000 zł,0447-6846-4ffa,1,1,2025-05-28 12:24:11,2025-12-31 23:59:59,2000.0,100.0
Kod 100 jednorazowy,Kupon jednorazowy powyżej 2000 zł,044f-42f4-40e3,1,1,2025-05-28 12:24:11,2025-12-31 23:59:59,2000.0,100.0
Kod 100 jednorazowy,Kupon jednorazowy powyżej 2000 zł,044e-05c0-45a7,1,1,2025-05-28 12:24:11,2025-12-31 23:59:59,2000.0,100.0
Kod 100 jednorazowy,Kupon jednorazowy powyżej 2000 zł,0449-178a-40b8,1,1,2025-05-28 12:24:11,2025-12-31 23:59:59,2000.0,100.0
Kod 100 jednorazowy,Kupon jednorazowy powyżej 2000 zł,044d-855c-4664,1,1,2025-05-28 12:24:11,2025-12-31 23:59:59,2000.0,100.0
Kod 100 jednorazowy,Kupon jednorazowy powyżej 2000 zł,0441-dfa8-4a98,1,1,2025-05-28 12:24:11,2025-12-31 23:59:59,2000.0,100.0
Kod 100 jednorazowy,Kupon jednorazowy powyżej 2000 zł,0445-7c50-460b,1,1,2025-05-28 12:24:11,2025-12-31 23:59:59,2000.0,100.0
Kod 100 jednorazowy,Kupon jednorazowy powyżej 2000 zł,0440-8bbc-4704,1,1,2025-05-28 12:24:11,2025-12-31 23:59:59,2000.0,100.0
Kod 100 jednorazowy,Kupon jednorazowy powyżej 2000 zł,0443-8787-40cc,1,1,2025-05-28 12:24:11,2025-12-31 23:59:59,2000.0,100.0
Kod 100 jednorazowy,Kupon jednorazowy powyżej 2000 zł,0447-e05c-42de,1,1,2025-05-28 12:24:11,2025-12-31 23:59:59,2000.0,100.0
Kod 100 jednorazowy,Kupon jednorazowy powyżej 2000 zł,0447-55c8-44ba,1,1,2025-05-28 12:24:11,2025-12-31 23:59:59,2000.0,100.0
Kod 100 jednorazowy,Kupon jednorazowy powyżej 2000 zł,044e-4354-4621,1,1,2025-05-28 12:24:11,2025-12-31 23:59:59,2000.0,100.0
Kod 100 jednorazowy,Kupon jednorazowy powyżej 2000 zł,044e-5212-4d07,1,1,2025-05-28 12:24:11,2025-12-31 23:59:59,2000.0,100.0
Kod 100 jednorazowy,Kupon jednorazowy powyżej 2000 zł,0445-c9df-4b35,1,1,2025-05-28 12:24:11,2025-12-31 23:59:59,2000.0,100.0
Kod 100 jednorazowy,Kupon jednorazowy powyżej 2000 zł,0448-e177-4cf4,1,1,2025-05-28 12:24:11,2025-12-31 23:59:59,2000.0,100.0
Kod 100 jednorazowy,Kupon jednorazowy powyżej 2000 zł,0444-1a6b-4d4e,1,1,2025-05-28 12:24:11,2025-12-31 23:59:59,2000.0,100.0
Kod 100 jednorazowy,Kupon jednorazowy powyżej 2000 zł,0449-504e-45da,1,1,2025-05-28 12:24:11,2025-12-31 23:59:59,2000.0,100.0
Kod 100 jednorazowy,Kupon jednorazowy powyżej 2000 zł,0442-6cb3-4892,1,1,2025-05-28 12:24:11,2025-12-31 23:59:59,2000.0,100.0
Kod 100 jednorazowy,Kupon jednorazowy powyżej 2000 zł,0441-0830-4515,1,1,2025-05-28 12:24:11,2025-12-31 23:59:59,2000.0,100.0
Kod 100 jednorazowy,Kupon jednorazowy powyżej 2000 zł,0446-4455-4ed9,1,1,2025-05-28 12:24:11,2025-12-31 23:59:59,2000.0,100.0
Kod 100 jednorazowy,Kupon jednorazowy powyżej 2000 zł,0442-2ddf-4b1c,1,1,2025-05-28 12:24:11,2025-12-31 23:59:59,2000.0,100.0
Kod 100 jednorazowy,Kupon jednorazowy powyżej 2000 zł,0442-482a-4226,1,1,2025-05-28 12:24:11,2025-12-31 23:59:59,2000.0,100.0
Kod 100 jednorazowy,Kupon jednorazowy powyżej 2000 zł,044c-8543-425a,1,1,2025-05-28 12:24:11,2025-12-31 23:59:59,2000.0,100.0
Kod 100 jednorazowy,Kupon jednorazowy powyżej 2000 zł,0445-9f5c-4e1b,1,1,2025-05-28 12:24:11,2025-12-31 23:59:59,2000.0,100.0
Kod 100 jednorazowy,Kupon jednorazowy powyżej 2000 zł,0447-87c3-4d90,1,1,2025-05-28 12:24:11,2025-12-31 23:59:59,2000.0,100.0
Kod 100 jednorazowy,Kupon jednorazowy powyżej 2000 zł,044f-fc60-460f,1,1,2025-05-28 12:24:11,2025-12-31 23:59:59,2000.0,100.0
Kod 100 jednorazowy,Kupon jednorazowy powyżej 2000 zł,044d-9e83-4910,1,1,2025-05-28 12:24:11,2025-12-31 23:59:59,2000.0,100.0
Kod 100 jednorazowy,Kupon jednorazowy powyżej 2000 zł,0442-2c0f-4ca7,1,1,2025-05-28 12:24:11,2025-12-31 23:59:59,2000.0,100.0
Kod 100 jednorazowy,Kupon jednorazowy powyżej 2000 zł,044f-681b-47bd,1,1,2025-05-28 12:24:11,2025-12-31 23:59:59,2000.0,100.0
Kod 100 jednorazowy,Kupon jednorazowy powyżej 2000 zł,0442-2cb6-4bf6,1,1,2025-05-28 12:24:11,2025-12-31 23:59:59,2000.0,100.0
Kod 100 jednorazowy,Kupon jednorazowy powyżej 2000 zł,0444-d848-425c,1,1,2025-05-28 12:24:11,2025-12-31 23:59:59,2000.0,100.0
Kod 100 jednorazowy,Kupon jednorazowy powyżej 2000 zł,0440-2d66-4702,1,1,2025-05-28 12:24:11,2025-12-31 23:59:59,2000.0,100.0
Kod 100 jednorazowy,Kupon jednorazowy powyżej 2000 zł,0441-0bb7-4f79,1,1,2025-05-28 12:24:11,2025-12-31 23:59:59,2000.0,100.0
Kod 100 jednorazowy,Kupon jednorazowy powyżej 2000 zł,0444-fe4e-4692,1,1,2025-05-28 12:24:11,2025-12-31 23:59:59,2000.0,100.0
Kod 100 jednorazowy,Kupon jednorazowy powyżej 2000 zł,0443-1ee6-4b9f,1,1,2025-05-28 12:24:11,2025-12-31 23:59:59,2000.0,100.0
Kod 100 jednorazowy,Kupon jednorazowy powyżej 2000 zł,044a-3263-450a,1,1,2025-05-28 12:24:11,2025-12-31 23:59:59,2000.0,100.0
Kod 100 jednorazowy,Kupon jednorazowy powyżej 2000 zł,0441-e654-4d8f,1,1,2025-05-28 12:24:11,2025-12-31 23:59:59,2000.0,100.0
Kod 100 jednorazowy,Kupon jednorazowy powyżej 2000 zł,044d-0911-4952,1,1,2025-05-28 12:24:11,2025-12-31 23:59:59,2000.0,100.0
Kod 100 jednorazowy,Kupon jednorazowy powyżej 2000 zł,0446-49c4-446a,1,1,2025-05-28 12:24:11,2025-12-31 23:59:59,2000.0,100.0
Kod 100 jednorazowy,Kupon jednorazowy powyżej 2000 zł,0446-693b-4507,1,1,2025-05-28 12:24:11,2025-12-31 23:59:59,2000.0,100.0
Kod 100 jednorazowy,Kupon jednorazowy powyżej 2000 zł,044e-35f1-49ba,1,1,2025-05-28 12:24:11,2025-12-31 23:59:59,2000.0,100.0
Kod 100 jednorazowy,Kupon jednorazowy powyżej 2000 zł,0441-b054-431a,1,1,2025-05-28 12:24:11,2025-12-31 23:59:59,2000.0,100.0
Kod 100 jednorazowy,Kupon jednorazowy powyżej 2000 zł,0444-d527-48ef,1,1,2025-05-28 12:24:11,2025-12-31 23:59:59,2000.0,100.0
Kod 100 jednorazowy,Kupon jednorazowy powyżej 2000 zł,0443-d9e8-47f1,1,1,2025-05-28 12:24:11,2025-12-31 23:59:59,2000.0,100.0
Kod 100 jednorazowy,Kupon jednorazowy powyżej 2000 zł,0444-ad12-42bc,1,1,2025-05-28 12:24:11,2025-12-31 23:59:59,2000.0,100.0
Kod 100 jednorazowy,Kupon jednorazowy powyżej 2000 zł,044c-9c93-4f83,1,1,2025-05-28 12:24:11,2025-12-31 23:59:59,2000.0,100.0
Kod 100 jednorazowy,Kupon jednorazowy powyżej 2000 zł,0440-367a-421e,1,1,2025-05-28 12:24:11,2025-12-31 23:59:59,2000.0,100.0
Kod 100 jednorazowy,Kupon jednorazowy powyżej 2000 zł,0443-85fd-44e2,1,1,2025-05-28 12:24:11,2025-12-31 23:59:59,2000.0,100.0
Kod 100 jednorazowy,Kupon jednorazowy powyżej 2000 zł,0443-0e8c-4a59,1,1,2025-05-28 12:24:11,2025-12-31 23:59:59,2000.0,100.0
Kod 100 jednorazowy,Kupon jednorazowy powyżej 2000 zł,0449-8455-47f3,1,1,2025-05-28 12:24:11,2025-12-31 23:59:59,2000.0,100.0
Kod 100 jednorazowy,Kupon jednorazowy powyżej 2000 zł,044f-3159-4a75,1,1,2025-05-28 12:24:11,2025-12-31 23:59:59,2000.0,100.0
Kod 100 jednorazowy,Kupon jednorazowy powyżej 2000 zł,0442-715b-4889,1,1,2025-05-28 12:24:11,2025-12-31 23:59:59,2000.0,100.0
Kod 100 jednorazowy,Kupon jednorazowy powyżej 2000 zł,044d-abaf-445d,1,1,2025-05-28 12:24:11,2025-12-31 23:59:59,2000.0,100.0
Kod 100 jednorazowy,Kupon jednorazowy powyżej 2000 zł,0443-92b0-425b,1,1,2025-05-28 12:24:11,2025-12-31 23:59:59,2000.0,100.0
Kod 100 jednorazowy,Kupon jednorazowy powyżej 2000 zł,044a-7a3f-4dbf,1,1,2025-05-28 12:24:11,2025-12-31 23:59:59,2000.0,100.0
Kod 100 jednorazowy,Kupon jednorazowy powyżej 2000 zł,044a-6270-4960,1,1,2025-05-28 12:24:11,2025-12-31 23:59:59,2000.0,100.0
Kod 100 jednorazowy,Kupon jednorazowy powyżej 2000 zł,044b-2c36-497b,1,1,2025-05-28 12:24:11,2025-12-31 23:59:59,2000.0,100.0
Kod 100 jednorazowy,Kupon jednorazowy powyżej 2000 zł,0448-b250-456c,1,1,2025-05-28 12:24:11,2025-12-31 23:59:59,2000.0,100.0
Kod 100 jednorazowy,Kupon jednorazowy powyżej 2000 zł,0442-db53-40bb,1,1,2025-05-28 12:24:11,2025-12-31 23:59:59,2000.0,100.0
Kod 100 jednorazowy,Kupon jednorazowy powyżej 2000 zł,0443-0ec2-44ea,1,1,2025-05-28 12:24:11,2025-12-31 23:59:59,2000.0,100.0
Kod 100 jednorazowy,Kupon jednorazowy powyżej 2000 zł,0447-2cd8-4d69,1,1,2025-05-28 12:24:11,2025-12-31 23:59:59,2000.0,100.0
Kod 100 jednorazowy,Kupon jednorazowy powyżej 2000 zł,0441-ed6f-41e4,1,1,2025-05-28 12:24:11,2025-12-31 23:59:59,2000.0,100.0
Kod 100 jednorazowy,Kupon jednorazowy powyżej 2000 zł,0448-0f96-4d26,1,1,2025-05-28 12:24:11,2025-12-31 23:59:59,2000.0,100.0
Kod 100 jednorazowy,Kupon jednorazowy powyżej 2000 zł,044a-958a-4c17,1,1,2025-05-28 12:24:11,2025-12-31 23:59:59,2000.0,100.0
Kod 100 jednorazowy,Kupon jednorazowy powyżej 2000 zł,044b-3f1b-48d9,1,1,2025-05-28 12:24:11,2025-12-31 23:59:59,2000.0,100.0
Kod 100 jednorazowy,Kupon jednorazowy powyżej 2000 zł,0444-4c8e-4b02,1,1,2025-05-28 12:24:11,2025-12-31 23:59:59,2000.0,100.0
Kod 100 jednorazowy,Kupon jednorazowy powyżej 2000 zł,0449-e906-44c5,1,1,2025-05-28 12:24:11,2025-12-31 23:59:59,2000.0,100.0
Kod 100 jednorazowy,Kupon jednorazowy powyżej 2000 zł,044a-b222-4c61,1,1,2025-05-28 12:24:11,2025-12-31 23:59:59,2000.0,100.0
Kod 100 jednorazowy,Kupon jednorazowy powyżej 2000 zł,0447-4a90-4c11,1,1,2025-05-28 12:24:11,2025-12-31 23:59:59,2000.0,100.0
Kod 100 jednorazowy,Kupon jednorazowy powyżej 2000 zł,044d-0357-4869,1,1,2025-05-28 12:24:11,2025-12-31 23:59:59,2000.0,100.0
Kod 100 jednorazowy,Kupon jednorazowy powyżej 2000 zł,044f-7714-4501,1,1,2025-05-28 12:24:11,2025-12-31 23:59:59,2000.0,100.0
Kod 100 jednorazowy,Kupon jednorazowy powyżej 2000 zł,0440-e306-4422,1,1,2025-05-28 12:24:11,2025-12-31 23:59:59,2000.0,100.0
Kod 100 jednorazowy,Kupon jednorazowy powyżej 2000 zł,044a-19a2-4066,1,1,2025-05-28 12:24:11,2025-12-31 23:59:59,2000.0,100.0
Kod 100 jednorazowy,Kupon jednorazowy powyżej 2000 zł,0441-8689-48ae,1,1,2025-05-28 12:24:11,2025-12-31 23:59:59,2000.0,100.0
Kod 100 jednorazowy,Kupon jednorazowy powyżej 2000 zł,0445-f648-4389,1,1,2025-05-28 12:24:11,2025-12-31 23:59:59,2000.0,100.0
Kod 100 jednorazowy,Kupon jednorazowy powyżej 2000 zł,044b-023d-4311,1,1,2025-05-28 12:24:11,2025-12-31 23:59:59,2000.0,100.0
Kod 100 jednorazowy,Kupon jednorazowy powyżej 2000 zł,044d-077f-488c,1,1,2025-05-28 12:24:11,2025-12-31 23:59:59,2000.0,100.0
Kod 100 jednorazowy,Kupon jednorazowy powyżej 2000 zł,044d-7804-4401,1,1,2025-05-28 12:24:11,2025-12-31 23:59:59,2000.0,100.0
Kod 100 jednorazowy,Kupon jednorazowy powyżej 2000 zł,0449-a55a-4624,1,1,2025-05-28 12:24:11,2025-12-31 23:59:59,2000.0,100.0
Kod 100 jednorazowy,Kupon jednorazowy powyżej 2000 zł,044a-9542-4748,1,1,2025-05-28 12:24:11,2025-12-31 23:59:59,2000.0,100.0
Kod 100 jednorazowy,Kupon jednorazowy powyżej 2000 zł,044c-b5bc-4b5b,1,1,2025-05-28 12:24:11,2025-12-31 23:59:59,2000.0,100.0
Kod 100 jednorazowy,Kupon jednorazowy powyżej 2000 zł,0446-cf58-4ac1,1,1,2025-05-28 12:24:11,2025-12-31 23:59:59,2000.0,100.0
Kod 100 jednorazowy,Kupon jednorazowy powyżej 2000 zł,0444-67c4-4043,1,1,2025-05-28 12:24:11,2025-12-31 23:59:59,2000.0,100.0
Kod 100 jednorazowy,Kupon jednorazowy powyżej 2000 zł,044e-cc9e-415a,1,1,2025-05-28 12:24:11,2025-12-31 23:59:59,2000.0,100.0
Kod 100 jednorazowy,Kupon jednorazowy powyżej 2000 zł,0441-6428-41e4,1,1,2025-05-28 12:24:11,2025-12-31 23:59:59,2000.0,100.0
Kod 100 jednorazowy,Kupon jednorazowy powyżej 2000 zł,0444-1e54-4d29,1,1,2025-05-28 12:24:11,2025-12-31 23:59:59,2000.0,100.0
Kod 100 jednorazowy,Kupon jednorazowy powyżej 2000 zł,044d-9355-4018,1,1,2025-05-28 12:24:11,2025-12-31 23:59:59,2000.0,100.0
Kod 100 jednorazowy,Kupon jednorazowy powyżej 2000 zł,044c-e1c8-49da,1,1,2025-05-28 12:24:11,2025-12-31 23:59:59,2000.0,100.0
Kod 100 jednorazowy,Kupon jednorazowy powyżej 2000 zł,044e-0da2-4708,1,1,2025-05-28 12:24:11,2025-12-31 23:59:59,2000.0,100.0
Kod 100 jednorazowy,Kupon jednorazowy powyżej 2000 zł,0449-6eaf-4e63,1,1,2025-05-28 12:24:11,2025-12-31 23:59:59,2000.0,100.0
Kod 100 jednorazowy,Kupon jednorazowy powyżej 2000 zł,0442-9da6-4e79,1,1,2025-05-28 12:24:11,2025-12-31 23:59:59,2000.0,100.0
Kod 100 jednorazowy,Kupon jednorazowy powyżej 2000 zł,0444-af1f-46db,1,1,2025-05-28 12:24:11,2025-12-31 23:59:59,2000.0,100.0
Kod 100 jednorazowy,Kupon jednorazowy powyżej 2000 zł,044c-78bb-4d15,1,1,2025-05-28 12:24:11,2025-12-31 23:59:59,2000.0,100.0
Kod 100 jednorazowy,Kupon jednorazowy powyżej 2000 zł,0443-6106-419b,1,1,2025-05-28 12:24:11,2025-12-31 23:59:59,2000.0,100.0
Kod 100 jednorazowy,Kupon jednorazowy powyżej 2000 zł,044a-f49a-401e,1,1,2025-05-28 12:24:11,2025-12-31 23:59:59,2000.0,100.0
Kod 100 jednorazowy,Kupon jednorazowy powyżej 2000 zł,0442-7e8c-4077,1,1,2025-05-28 12:24:11,2025-12-31 23:59:59,2000.0,100.0
Kod 100 jednorazowy,Kupon jednorazowy powyżej 2000 zł,0447-ac0f-4507,1,1,2025-05-28 12:24:11,2025-12-31 23:59:59,2000.0,100.0
Kod 100 jednorazowy,Kupon jednorazowy powyżej 2000 zł,044f-997e-47f4,1,1,2025-05-28 12:24:11,2025-12-31 23:59:59,2000.0,100.0
Kod 100 jednorazowy,Kupon jednorazowy powyżej 2000 zł,044b-54a6-46d7,1,1,2025-05-28 12:24:11,2025-12-31 23:59:59,2000.0,100.0
Kod 100 jednorazowy,Kupon jednorazowy powyżej 2000 zł,044a-b745-4253,1,1,2025-05-28 12:24:11,2025-12-31 23:59:59,2000.0,100.0
Kod 100 jednorazowy,Kupon jednorazowy powyżej 2000 zł,0440-6283-4f62,1,1,2025-05-28 12:24:11,2025-12-31 23:59:59,2000.0,100.0
Kod 100 jednorazowy,Kupon jednorazowy powyżej 2000 zł,0443-9975-4029,1,1,2025-05-28 12:24:11,2025-12-31 23:59:59,2000.0,100.0
Kod 100 jednorazowy,Kupon jednorazowy powyżej 2000 zł,044d-5126-48ff,1,1,2025-05-28 12:24:11,2025-12-31 23:59:59,2000.0,100.0
Kod 100 jednorazowy,Kupon jednorazowy powyżej 2000 zł,0446-6d5b-4e34,1,1,2025-05-28 12:24:11,2025-12-31 23:59:59,2000.0,100.0
Kod 100 jednorazowy,Kupon jednorazowy powyżej 2000 zł,044f-1949-437c,1,1,2025-05-28 12:24:11,2025-12-31 23:59:59,2000.0,100.0
Kod 100 jednorazowy,Kupon jednorazowy powyżej 2000 zł,0443-b7ed-4e4a,1,1,2025-05-28 12:24:11,2025-12-31 23:59:59,2000.0,100.0
Kod 100 jednorazowy,Kupon jednorazowy powyżej 2000 zł,0449-18e7-40b8,1,1,2025-05-28 12:24:11,2025-12-31 23:59:59,2000.0,100.0
Kod 100 jednorazowy,Kupon jednorazowy powyżej 2000 zł,044e-9943-4a8d,1,1,2025-05-28 12:24:11,2025-12-31 23:59:59,2000.0,100.0
Kod 100 jednorazowy,Kupon jednorazowy powyżej 2000 zł,044d-b5d5-4adb,1,1,2025-05-28 12:24:11,2025-12-31 23:59:59,2000.0,100.0
Kod 100 jednorazowy,Kupon jednorazowy powyżej 2000 zł,044b-cf17-4756,1,1,2025-05-28 12:24:11,2025-12-31 23:59:59,2000.0,100.0
Kod 100 jednorazowy,Kupon jednorazowy powyżej 2000 zł,044b-9249-4f25,1,1,2025-05-28 12:24:11,2025-12-31 23:59:59,2000.0,100.0
Kod 100 jednorazowy,Kupon jednorazowy powyżej 2000 zł,044c-b0d9-467b,1,1,2025-05-28 12:24:11,2025-12-31 23:59:59,2000.0,100.0
Kod 100 jednorazowy,Kupon jednorazowy powyżej 2000 zł,0442-e1c9-4774,1,1,2025-05-28 12:24:11,2025-12-31 23:59:59,2000.0,100.0
Kod 100 jednorazowy,Kupon jednorazowy powyżej 2000 zł,044d-85c1-419f,1,1,2025-05-28 12:24:11,2025-12-31 23:59:59,2000.0,100.0
Kod 100 jednorazowy,Kupon jednorazowy powyżej 2000 zł,0442-7fcb-418a,1,1,2025-05-28 12:24:11,2025-12-31 23:59:59,2000.0,100.0
Kod 100 jednorazowy,Kupon jednorazowy powyżej 2000 zł,0443-9d5b-4b84,1,1,2025-05-28 12:24:11,2025-12-31 23:59:59,2000.0,100.0
Kod 100 jednorazowy,Kupon jednorazowy powyżej 2000 zł,0442-bb7f-45de,1,1,2025-05-28 12:24:11,2025-12-31 23:59:59,2000.0,100.0
Kod 100 jednorazowy,Kupon jednorazowy powyżej 2000 zł,0448-8bd1-494f,1,1,2025-05-28 12:24:11,2025-12-31 23:59:59,2000.0,100.0
Kod 100 jednorazowy,Kupon jednorazowy powyżej 2000 zł,044b-7aec-448a,1,1,2025-05-28 12:24:11,2025-12-31 23:59:59,2000.0,100.0
Kod 100 jednorazowy,Kupon jednorazowy powyżej 2000 zł,0440-6ea9-4423,1,1,2025-05-28 12:24:11,2025-12-31 23:59:59,2000.0,100.0
Kod 100 jednorazowy,Kupon jednorazowy powyżej 2000 zł,0445-dae7-4006,1,1,2025-05-28 12:24:11,2025-12-31 23:59:59,2000.0,100.0
Kod 100 jednorazowy,Kupon jednorazowy powyżej 2000 zł,044a-c8b8-4638,1,1,2025-05-28 12:24:11,2025-12-31 23:59:59,2000.0,100.0
Kod 100 jednorazowy,Kupon jednorazowy powyżej 2000 zł,0449-e3c3-4ce3,1,1,2025-05-28 12:24:11,2025-12-31 23:59:59,2000.0,100.0
Kod 100 jednorazowy,Kupon jednorazowy powyżej 2000 zł,044f-36a1-4cbb,1,1,2025-05-28 12:24:11,2025-12-31 23:59:59,2000.0,100.0
Kod 100 jednorazowy,Kupon jednorazowy powyżej 2000 zł,044f-31e6-481e,1,1,2025-05-28 12:24:11,2025-12-31 23:59:59,2000.0,100.0
Kod 100 jednorazowy,Kupon jednorazowy powyżej 2000 zł,0448-d9dc-49c4,1,1,2025-05-28 12:24:11,2025-12-31 23:59:59,2000.0,100.0
Kod 100 jednorazowy,Kupon jednorazowy powyżej 2000 zł,0448-543e-40f7,1,1,2025-05-28 12:24:11,2025-12-31 23:59:59,2000.0,100.0
Kod 100 jednorazowy,Kupon jednorazowy powyżej 2000 zł,044b-d334-4ca2,1,1,2025-05-28 12:24:11,2025-12-31 23:59:59,2000.0,100.0
Kod 100 jednorazowy,Kupon jednorazowy powyżej 2000 zł,0445-203b-457e,1,1,2025-05-28 12:24:11,2025-12-31 23:59:59,2000.0,100.0
Kod 100 jednorazowy,Kupon jednorazowy powyżej 2000 zł,0445-3212-4bed,1,1,2025-05-28 12:24:11,2025-12-31 23:59:59,2000.0,100.0
Kod 100 jednorazowy,Kupon jednorazowy powyżej 2000 zł,044a-f36d-456b,1,1,2025-05-28 12:24:11,2025-12-31 23:59:59,2000.0,100.0
Kod 100 jednorazowy,Kupon jednorazowy powyżej 2000 zł,0444-e77e-4707,1,1,2025-05-28 12:24:11,2025-12-31 23:59:59,2000.0,100.0
Kod 100 jednorazowy,Kupon jednorazowy powyżej 2000 zł,0440-6e73-4d31,1,1,2025-05-28 12:24:11,2025-12-31 23:59:59,2000.0,100.0
Kod 100 jednorazowy,Kupon jednorazowy powyżej 2000 zł,044e-b449-4f3a,1,1,2025-05-28 12:24:11,2025-12-31 23:59:59,2000.0,100.0
Kod 100 jednorazowy,Kupon jednorazowy powyżej 2000 zł,044c-e905-4d75,1,1,2025-05-28 12:24:11,2025-12-31 23:59:59,2000.0,100.0
Kod 100 jednorazowy,Kupon jednorazowy powyżej 2000 zł,0440-c797-4193,1,1,2025-05-28 12:24:11,2025-12-31 23:59:59,2000.0,100.0
Kod 100 jednorazowy,Kupon jednorazowy powyżej 2000 zł,0446-b108-43c7,1,1,2025-05-28 12:24:11,2025-12-31 23:59:59,2000.0,100.0
Kod 100 jednorazowy,Kupon jednorazowy powyżej 2000 zł,0448-4bab-412a,1,1,2025-05-28 12:24:11,2025-12-31 23:59:59,2000.0,100.0
Kod 100 jednorazowy,Kupon jednorazowy powyżej 2000 zł,0445-143a-49d4,1,1,2025-05-28 12:24:11,2025-12-31 23:59:59,2000.0,100.0
Kod 100 jednorazowy,Kupon jednorazowy powyżej 2000 zł,044f-75f8-49ed,1,1,2025-05-28 12:24:11,2025-12-31 23:59:59,2000.0,100.0
Kod 100 jednorazowy,Kupon jednorazowy powyżej 2000 zł,044b-ae2e-493f,1,1,2025-05-28 12:24:11,2025-12-31 23:59:59,2000.0,100.0
Kod 100 jednorazowy,Kupon jednorazowy powyżej 2000 zł,0445-8046-4c97,1,1,2025-05-28 12:24:11,2025-12-31 23:59:59,2000.0,100.0
Kod 100 jednorazowy,Kupon jednorazowy powyżej 2000 zł,044d-d071-40e7,1,1,2025-05-28 12:24:11,2025-12-31 23:59:59,2000.0,100.0
Kod 100 jednorazowy,Kupon jednorazowy powyżej 2000 zł,044a-8ed6-426f,1,1,2025-05-28 12:24:11,2025-12-31 23:59:59,2000.0,100.0
Kod 100 jednorazowy,Kupon jednorazowy powyżej 2000 zł,0443-69cb-4122,1,1,2025-05-28 12:24:11,2025-12-31 23:59:59,2000.0,100.0
Kod 100 jednorazowy,Kupon jednorazowy powyżej 2000 zł,044b-1a3d-4df0,1,1,2025-05-28 12:24:11,2025-12-31 23:59:59,2000.0,100.0
Kod 100 jednorazowy,Kupon jednorazowy powyżej 2000 zł,0447-4821-4ed3,1,1,2025-05-28 12:24:11,2025-12-31 23:59:59,2000.0,100.0
Kod 100 jednorazowy,Kupon jednorazowy powyżej 2000 zł,0447-3ae8-4ffa,1,1,2025-05-28 12:24:11,2025-12-31 23:59:59,2000.0,100.0
Kod 100 jednorazowy,Kupon jednorazowy powyżej 2000 zł,044c-bf6b-4b15,1,1,2025-05-28 12:24:11,2025-12-31 23:59:59,2000.0,100.0
Kod 100 jednorazowy,Kupon jednorazowy powyżej 2000 zł,044c-240b-4f7f,1,1,2025-05-28 12:24:11,2025-12-31 23:59:59,2000.0,100.0
Kod 100 jednorazowy,Kupon jednorazowy powyżej 2000 zł,044a-b2c3-4d29,1,1,2025-05-28 12:24:11,2025-12-31 23:59:59,2000.0,100.0
Kod 100 jednorazowy,Kupon jednorazowy powyżej 2000 zł,0441-fce1-4c5f,1,1,2025-05-28 12:24:11,2025-12-31 23:59:59,2000.0,100.0
Kod 100 jednorazowy,Kupon jednorazowy powyżej 2000 zł,044f-6ec8-4903,1,1,2025-05-28 12:24:11,2025-12-31 23:59:59,2000.0,100.0
Kod 100 jednorazowy,Kupon jednorazowy powyżej 2000 zł,044b-743b-4c22,1,1,2025-05-28 12:24:11,2025-12-31 23:59:59,2000.0,100.0
Kod 100 jednorazowy,Kupon jednorazowy powyżej 2000 zł,0449-6bda-49fc,1,1,2025-05-28 12:24:11,2025-12-31 23:59:59,2000.0,100.0
Kod 100 jednorazowy,Kupon jednorazowy powyżej 2000 zł,0445-09e5-4557,1,1,2025-05-28 12:24:11,2025-12-31 23:59:59,2000.0,100.0
Kod 100 jednorazowy,Kupon jednorazowy powyżej 2000 zł,0444-77fa-4b28,1,1,2025-05-28 12:24:11,2025-12-31 23:59:59,2000.0,100.0
Kod 100 jednorazowy,Kupon jednorazowy powyżej 2000 zł,0441-cd40-44fd,1,1,2025-05-28 12:24:11,2025-12-31 23:59:59,2000.0,100.0
Kod 100 jednorazowy,Kupon jednorazowy powyżej 2000 zł,0444-213f-4414,1,1,2025-05-28 12:24:11,2025-12-31 23:59:59,2000.0,100.0
Kod 100 jednorazowy,Kupon jednorazowy powyżej 2000 zł,0447-4737-47da,1,1,2025-05-28 12:24:11,2025-12-31 23:59:59,2000.0,100.0
Kod 100 jednorazowy,Kupon jednorazowy powyżej 2000 zł,044f-a3fb-4eb4,1,1,2025-05-28 12:24:11,2025-12-31 23:59:59,2000.0,100.0
Kod 100 jednorazowy,Kupon jednorazowy powyżej 2000 zł,044d-ac60-4528,1,1,2025-05-28 12:24:11,2025-12-31 23:59:59,2000.0,100.0
Kod 100 jednorazowy,Kupon jednorazowy powyżej 2000 zł,044c-3299-4fa8,1,1,2025-05-28 12:24:11,2025-12-31 23:59:59,2000.0,100.0
Kod 100 jednorazowy,Kupon jednorazowy powyżej 2000 zł,0444-43f0-42e2,1,1,2025-05-28 12:24:11,2025-12-31 23:59:59,2000.0,100.0
Kod 100 jednorazowy,Kupon jednorazowy powyżej 2000 zł,0442-c23f-4afd,1,1,2025-05-28 12:24:11,2025-12-31 23:59:59,2000.0,100.0
Kod 100 jednorazowy,Kupon jednorazowy powyżej 2000 zł,0441-ef8b-4ec1,1,1,2025-05-28 12:24:11,2025-12-31 23:59:59,2000.0,100.0
Kod 100 jednorazowy,Kupon jednorazowy powyżej 2000 zł,0441-2fdd-48c0,1,1,2025-05-28 12:24:11,2025-12-31 23:59:59,2000.0,100.0
Kod 100 jednorazowy,Kupon jednorazowy powyżej 2000 zł,044d-eef4-4ae7,1,1,2025-05-28 12:24:11,2025-12-31 23:59:59,2000.0,100.0
Kod 100 jednorazowy,Kupon jednorazowy powyżej 2000 zł,0442-2763-4e5a,1,1,2025-05-28 12:24:11,2025-12-31 23:59:59,2000.0,100.0
Kod 100 jednorazowy,Kupon jednorazowy powyżej 2000 zł,0442-f448-4923,1,1,2025-05-28 12:24:11,2025-12-31 23:59:59,2000.0,100.0
Kod 100 jednorazowy,Kupon jednorazowy powyżej 2000 zł,0444-294b-48d6,1,1,2025-05-28 12:24:11,2025-12-31 23:59:59,2000.0,100.0
Kod 100 jednorazowy,Kupon jednorazowy powyżej 2000 zł,0445-11c8-4908,1,1,2025-05-28 12:24:11,2025-12-31 23:59:59,2000.0,100.0
Kod 100 jednorazowy,Kupon jednorazowy powyżej 2000 zł,0445-9733-4cf9,1,1,2025-05-28 12:24:11,2025-12-31 23:59:59,2000.0,100.0
Kod 100 jednorazowy,Kupon jednorazowy powyżej 2000 zł,044a-3238-43b0,1,1,2025-05-28 12:24:11,2025-12-31 23:59:59,2000.0,100.0
Kod 100 jednorazowy,Kupon jednorazowy powyżej 2000 zł,0443-5f1a-43b7,1,1,2025-05-28 12:24:11,2025-12-31 23:59:59,2000.0,100.0
Kod 100 jednorazowy,Kupon jednorazowy powyżej 2000 zł,044f-5bb1-445f,1,1,2025-05-28 12:24:11,2025-12-31 23:59:59,2000.0,100.0
Kod 100 jednorazowy,Kupon jednorazowy powyżej 2000 zł,0442-462a-49dc,1,1,2025-05-28 12:24:11,2025-12-31 23:59:59,2000.0,100.0
Kod 100 jednorazowy,Kupon jednorazowy powyżej 2000 zł,0449-8a9e-4986,1,1,2025-05-28 12:24:11,2025-12-31 23:59:59,2000.0,100.0
Kod 100 jednorazowy,Kupon jednorazowy powyżej 2000 zł,0440-b5fa-4669,1,1,2025-05-28 12:24:11,2025-12-31 23:59:59,2000.0,100.0
Kod 100 jednorazowy,Kupon jednorazowy powyżej 2000 zł,044e-8ca1-4ad6,1,1,2025-05-28 12:24:11,2025-12-31 23:59:59,2000.0,100.0
Kod 100 jednorazowy,Kupon jednorazowy powyżej 2000 zł,0449-d70d-4f94,1,1,2025-05-28 12:24:11,2025-12-31 23:59:59,2000.0,100.0
Kod 100 jednorazowy,Kupon jednorazowy powyżej 2000 zł,044d-ff6f-4f0f,1,1,2025-05-28 12:24:11,2025-12-31 23:59:59,2000.0,100.0
Kod 100 jednorazowy,Kupon jednorazowy powyżej 2000 zł,044c-7b3c-4ed4,1,1,2025-05-28 12:24:11,2025-12-31 23:59:59,2000.0,100.0
Kod 100 jednorazowy,Kupon jednorazowy powyżej 2000 zł,0446-8fae-4a0f,1,1,2025-05-28 12:24:11,2025-12-31 23:59:59,2000.0,100.0
Kod 100 jednorazowy,Kupon jednorazowy powyżej 2000 zł,0442-2da0-4575,1,1,2025-05-28 12:24:11,2025-12-31 23:59:59,2000.0,100.0
Kod 100 jednorazowy,Kupon jednorazowy powyżej 2000 zł,044d-df82-4905,1,1,2025-05-28 12:24:11,2025-12-31 23:59:59,2000.0,100.0
Kod 100 jednorazowy,Kupon jednorazowy powyżej 2000 zł,044e-305e-4fd8,1,1,2025-05-28 12:24:11,2025-12-31 23:59:59,2000.0,100.0
Kod 100 jednorazowy,Kupon jednorazowy powyżej 2000 zł,0447-7cad-486f,1,1,2025-05-28 12:24:11,2025-12-31 23:59:59,2000.0,100.0
Kod 100 jednorazowy,Kupon jednorazowy powyżej 2000 zł,0441-ee6f-470d,1,1,2025-05-28 12:24:11,2025-12-31 23:59:59,2000.0,100.0
Kod 100 jednorazowy,Kupon jednorazowy powyżej 2000 zł,0445-14f0-49f1,1,1,2025-05-28 12:24:11,2025-12-31 23:59:59,2000.0,100.0
Kod 100 jednorazowy,Kupon jednorazowy powyżej 2000 zł,0445-81c5-4e4d,1,1,2025-05-28 12:24:11,2025-12-31 23:59:59,2000.0,100.0
Kod 100 jednorazowy,Kupon jednorazowy powyżej 2000 zł,044e-81f7-494a,1,1,2025-05-28 12:24:11,2025-12-31 23:59:59,2000.0,100.0
Kod 100 jednorazowy,Kupon jednorazowy powyżej 2000 zł,0445-f2fa-463b,1,1,2025-05-28 12:24:11,2025-12-31 23:59:59,2000.0,100.0
Kod 100 jednorazowy,Kupon jednorazowy powyżej 2000 zł,0449-1d55-47fe,1,1,2025-05-28 12:24:11,2025-12-31 23:59:59,2000.0,100.0
Kod 100 jednorazowy,Kupon jednorazowy powyżej 2000 zł,044c-16c7-4a29,1,1,2025-05-28 12:24:11,2025-12-31 23:59:59,2000.0,100.0
Kod 100 jednorazowy,Kupon jednorazowy powyżej 2000 zł,0443-5102-4478,1,1,2025-05-28 12:24:11,2025-12-31 23:59:59,2000.0,100.0
Kod 100 jednorazowy,Kupon jednorazowy powyżej 2000 zł,044b-6f19-44cc,1,1,2025-05-28 12:24:11,2025-12-31 23:59:59,2000.0,100.0
Kod 100 jednorazowy,Kupon jednorazowy powyżej 2000 zł,044e-1085-4230,1,1,2025-05-28 12:24:11,2025-12-31 23:59:59,2000.0,100.0
Kod 100 jednorazowy,Kupon jednorazowy powyżej 2000 zł,044a-7b35-43b6,1,1,2025-05-28 12:24:11,2025-12-31 23:59:59,2000.0,100.0
Kod 100 jednorazowy,Kupon jednorazowy powyżej 2000 zł,044b-99be-4855,1,1,2025-05-28 12:24:11,2025-12-31 23:59:59,2000.0,100.0
Kod 100 jednorazowy,Kupon jednorazowy powyżej 2000 zł,0449-82e3-4749,1,1,2025-05-28 12:24:11,2025-12-31 23:59:59,2000.0,100.0
Kod 100 jednorazowy,Kupon jednorazowy powyżej 2000 zł,0446-3ab8-4d77,1,1,2025-05-28 12:24:11,2025-12-31 23:59:59,2000.0,100.0
Kod 100 jednorazowy,Kupon jednorazowy powyżej 2000 zł,0442-a8b1-4cbe,1,1,2025-05-28 12:24:11,2025-12-31 23:59:59,2000.0,100.0
Kod 100 jednorazowy,Kupon jednorazowy powyżej 2000 zł,044d-e412-4b3e,1,1,2025-05-28 12:24:11,2025-12-31 23:59:59,2000.0,100.0
Kod 100 jednorazowy,Kupon jednorazowy powyżej 2000 zł,044c-78b9-4fd4,1,1,2025-05-28 12:24:11,2025-12-31 23:59:59,2000.0,100.0
Kod 100 jednorazowy,Kupon jednorazowy powyżej 2000 zł,0444-8474-4dde,1,1,2025-05-28 12:24:11,2025-12-31 23:59:59,2000.0,100.0
Kod 100 jednorazowy,Kupon jednorazowy powyżej 2000 zł,0444-7619-48bc,1,1,2025-05-28 12:24:11,2025-12-31 23:59:59,2000.0,100.0
Kod 100 jednorazowy,Kupon jednorazowy powyżej 2000 zł,044c-bca3-49b3,1,1,2025-05-28 12:24:11,2025-12-31 23:59:59,2000.0,100.0
Kod 100 jednorazowy,Kupon jednorazowy powyżej 2000 zł,0447-eb64-4ba2,1,1,2025-05-28 12:24:11,2025-12-31 23:59:59,2000.0,100.0
Kod 100 jednorazowy,Kupon jednorazowy powyżej 2000 zł,0445-dbb9-4f26,1,1,2025-05-28 12:24:11,2025-12-31 23:59:59,2000.0,100.0
Kod 100 jednorazowy,Kupon jednorazowy powyżej 2000 zł,0448-e0a0-41cc,1,1,2025-05-28 12:24:11,2025-12-31 23:59:59,2000.0,100.0
Kod 100 jednorazowy,Kupon jednorazowy powyżej 2000 zł,0442-263a-4a5f,1,1,2025-05-28 12:24:11,2025-12-31 23:59:59,2000.0,100.0
Kod 100 jednorazowy,Kupon jednorazowy powyżej 2000 zł,0449-fc4b-4c19,1,1,2025-05-28 12:24:11,2025-12-31 23:59:59,2000.0,100.0
Kod 100 jednorazowy,Kupon jednorazowy powyżej 2000 zł,0446-bfdf-428c,1,1,2025-05-28 12:24:11,2025-12-31 23:59:59,2000.0,100.0
Kod 100 jednorazowy,Kupon jednorazowy powyżej 2000 zł,0446-b93f-44df,1,1,2025-05-28 12:24:11,2025-12-31 23:59:59,2000.0,100.0
Kod 100 jednorazowy,Kupon jednorazowy powyżej 2000 zł,044a-ad32-4b43,1,1,2025-05-28 12:24:11,2025-12-31 23:59:59,2000.0,100.0
Kod 100 jednorazowy,Kupon jednorazowy powyżej 2000 zł,0446-cb32-4314,1,1,2025-05-28 12:24:11,2025-12-31 23:59:59,2000.0,100.0
Kod 100 jednorazowy,Kupon jednorazowy powyżej 2000 zł,044b-b59a-4b5b,1,1,2025-05-28 12:24:11,2025-12-31 23:59:59,2000.0,100.0
Kod 100 jednorazowy,Kupon jednorazowy powyżej 2000 zł,044b-89b3-4615,1,1,2025-05-28 12:24:11,2025-12-31 23:59:59,2000.0,100.0
Kod 100 jednorazowy,Kupon jednorazowy powyżej 2000 zł,0449-6925-4eb9,1,1,2025-05-28 12:24:11,2025-12-31 23:59:59,2000.0,100.0
Kod 100 jednorazowy,Kupon jednorazowy powyżej 2000 zł,0443-97d2-4a7e,1,1,2025-05-28 12:24:11,2025-12-31 23:59:59,2000.0,100.0
Kod 100 jednorazowy,Kupon jednorazowy powyżej 2000 zł,0448-191c-45cf,1,1,2025-05-28 12:24:11,2025-12-31 23:59:59,2000.0,100.0
Kod 100 jednorazowy,Kupon jednorazowy powyżej 2000 zł,0446-8a2b-4f69,1,1,2025-05-28 12:24:11,2025-12-31 23:59:59,2000.0,100.0
Kod 100 jednorazowy,Kupon jednorazowy powyżej 2000 zł,0443-9207-4ebf,1,1,2025-05-28 12:24:11,2025-12-31 23:59:59,2000.0,100.0
Kod 100 jednorazowy,Kupon jednorazowy powyżej 2000 zł,0449-8079-4e49,1,1,2025-05-28 12:24:11,2025-12-31 23:59:59,2000.0,100.0
Kod 100 jednorazowy,Kupon jednorazowy powyżej 2000 zł,0443-b653-4744,1,1,2025-05-28 12:24:11,2025-12-31 23:59:59,2000.0,100.0
Kod 100 jednorazowy,Kupon jednorazowy powyżej 2000 zł,044c-7bc7-413a,1,1,2025-05-28 12:24:11,2025-12-31 23:59:59,2000.0,100.0
Kod 100 jednorazowy,Kupon jednorazowy powyżej 2000 zł,0446-0dc0-467b,1,1,2025-05-28 12:24:11,2025-12-31 23:59:59,2000.0,100.0
Kod 100 jednorazowy,Kupon jednorazowy powyżej 2000 zł,0447-d303-4bb7,1,1,2025-05-28 12:24:11,2025-12-31 23:59:59,2000.0,100.0
Kod 100 jednorazowy,Kupon jednorazowy powyżej 2000 zł,0445-6f8a-4589,1,1,2025-05-28 12:24:11,2025-12-31 23:59:59,2000.0,100.0
Kod 100 jednorazowy,Kupon jednorazowy powyżej 2000 zł,044b-286a-42a8,1,1,2025-05-28 12:24:11,2025-12-31 23:59:59,2000.0,100.0
Kod 100 jednorazowy,Kupon jednorazowy powyżej 2000 zł,044a-a8e6-467d,1,1,2025-05-28 12:24:11,2025-12-31 23:59:59,2000.0,100.0
Kod 100 jednorazowy,Kupon jednorazowy powyżej 2000 zł,0443-7fc2-4490,1,1,2025-05-28 12:24:11,2025-12-31 23:59:59,2000.0,100.0
Kod 100 jednorazowy,Kupon jednorazowy powyżej 2000 zł,044e-dc02-4b62,1,1,2025-05-28 12:24:11,2025-12-31 23:59:59,2000.0,100.0
Kod 100 jednorazowy,Kupon jednorazowy powyżej 2000 zł,044e-ca0c-44ea,1,1,2025-05-28 12:24:11,2025-12-31 23:59:59,2000.0,100.0
Kod 100 jednorazowy,Kupon jednorazowy powyżej 2000 zł,044f-7241-423e,1,1,2025-05-28 12:24:11,2025-12-31 23:59:59,2000.0,100.0
Kod 100 jednorazowy,Kupon jednorazowy powyżej 2000 zł,044d-6c78-4223,1,1,2025-05-28 12:24:11,2025-12-31 23:59:59,2000.0,100.0
Kod 100 jednorazowy,Kupon jednorazowy powyżej 2000 zł,0448-ab2d-4821,1,1,2025-05-28 12:24:11,2025-12-31 23:59:59,2000.0,100.0
Kod 100 jednorazowy,Kupon jednorazowy powyżej 2000 zł,0444-46c2-42f2,1,1,2025-05-28 12:24:11,2025-12-31 23:59:59,2000.0,100.0
Kod 100 jednorazowy,Kupon jednorazowy powyżej 2000 zł,0449-911a-4e18,1,1,2025-05-28 12:24:11,2025-12-31 23:59:59,2000.0,100.0
Kod 100 jednorazowy,Kupon jednorazowy powyżej 2000 zł,0441-e107-4057,1,1,2025-05-28 12:24:11,2025-12-31 23:59:59,2000.0,100.0
Kod 100 jednorazowy,Kupon jednorazowy powyżej 2000 zł,0449-5692-4682,1,1,2025-05-28 12:24:11,2025-12-31 23:59:59,2000.0,100.0
Kod 100 jednorazowy,Kupon jednorazowy powyżej 2000 zł,0441-9822-4d62,1,1,2025-05-28 12:24:11,2025-12-31 23:59:59,2000.0,100.0
Kod 100 jednorazowy,Kupon jednorazowy powyżej 2000 zł,044a-645c-4c98,1,1,2025-05-28 12:24:11,2025-12-31 23:59:59,2000.0,100.0
Kod 100 jednorazowy,Kupon jednorazowy powyżej 2000 zł,0449-f678-439b,1,1,2025-05-28 12:24:11,2025-12-31 23:59:59,2000.0,100.0
Kod 100 jednorazowy,Kupon jednorazowy powyżej 2000 zł,0446-8fdb-4310,1,1,2025-05-28 12:24:11,2025-12-31 23:59:59,2000.0,100.0
Kod 100 jednorazowy,Kupon jednorazowy powyżej 2000 zł,0445-5304-4505,1,1,2025-05-28 12:24:11,2025-12-31 23:59:59,2000.0,100.0
Kod 100 jednorazowy,Kupon jednorazowy powyżej 2000 zł,044e-6c2b-476f,1,1,2025-05-28 12:24:11,2025-12-31 23:59:59,2000.0,100.0
Kod 100 jednorazowy,Kupon jednorazowy powyżej 2000 zł,0441-c22f-40be,1,1,2025-05-28 12:24:11,2025-12-31 23:59:59,2000.0,100.0
Kod 100 jednorazowy,Kupon jednorazowy powyżej 2000 zł,0440-4f3c-4e14,1,1,2025-05-28 12:24:11,2025-12-31 23:59:59,2000.0,100.0
Kod 100 jednorazowy,Kupon jednorazowy powyżej 2000 zł,044d-d6f9-4442,1,1,2025-05-28 12:24:11,2025-12-31 23:59:59,2000.0,100.0
Kod 100 jednorazowy,Kupon jednorazowy powyżej 2000 zł,0445-b371-4f32,1,1,2025-05-28 12:24:11,2025-12-31 23:59:59,2000.0,100.0
Kod 100 jednorazowy,Kupon jednorazowy powyżej 2000 zł,044b-bb0c-4e39,1,1,2025-05-28 12:24:11,2025-12-31 23:59:59,2000.0,100.0
Kod 100 jednorazowy,Kupon jednorazowy powyżej 2000 zł,0440-07c0-40da,1,1,2025-05-28 12:24:11,2025-12-31 23:59:59,2000.0,100.0
Kod 100 jednorazowy,Kupon jednorazowy powyżej 2000 zł,044a-1388-4b68,1,1,2025-05-28 12:24:11,2025-12-31 23:59:59,2000.0,100.0
Kod 100 jednorazowy,Kupon jednorazowy powyżej 2000 zł,0446-53af-4c0c,1,1,2025-05-28 12:24:11,2025-12-31 23:59:59,2000.0,100.0
Kod 100 jednorazowy,Kupon jednorazowy powyżej 2000 zł,0444-92ba-4171,1,1,2025-05-28 12:24:11,2025-12-31 23:59:59,2000.0,100.0
Kod 100 jednorazowy,Kupon jednorazowy powyżej 2000 zł,044c-e2db-41d3,1,1,2025-05-28 12:24:11,2025-12-31 23:59:59,2000.0,100.0
Kod 100 jednorazowy,Kupon jednorazowy powyżej 2000 zł,044b-e00b-408d,1,1,2025-05-28 12:24:11,2025-12-31 23:59:59,2000.0,100.0
Kod 100 jednorazowy,Kupon jednorazowy powyżej 2000 zł,0449-7537-4252,1,1,2025-05-28 12:24:11,2025-12-31 23:59:59,2000.0,100.0
Kod 100 jednorazowy,Kupon jednorazowy powyżej 2000 zł,0447-ee8b-42a4,1,1,2025-05-28 12:24:11,2025-12-31 23:59:59,2000.0,100.0
Kod 100 jednorazowy,Kupon jednorazowy powyżej 2000 zł,0442-4527-4b26,1,1,2025-05-28 12:24:11,2025-12-31 23:59:59,2000.0,100.0
Kod 100 jednorazowy,Kupon jednorazowy powyżej 2000 zł,044b-b1fe-4f44,1,1,2025-05-28 12:24:11,2025-12-31 23:59:59,2000.0,100.0
Kod 100 jednorazowy,Kupon jednorazowy powyżej 2000 zł,0445-f62b-424a,1,1,2025-05-28 12:24:11,2025-12-31 23:59:59,2000.0,100.0
Kod 100 jednorazowy,Kupon jednorazowy powyżej 2000 zł,044c-97ed-4802,1,1,2025-05-28 12:24:11,2025-12-31 23:59:59,2000.0,100.0
Kod 100 jednorazowy,Kupon jednorazowy powyżej 2000 zł,0440-5a54-441b,1,1,2025-05-28 12:24:11,2025-12-31 23:59:59,2000.0,100.0
Kod 100 jednorazowy,Kupon jednorazowy powyżej 2000 zł,0446-7044-42a9,1,1,2025-05-28 12:24:11,2025-12-31 23:59:59,2000.0,100.0
Kod 100 jednorazowy,Kupon jednorazowy powyżej 2000 zł,044c-00e2-42e1,1,1,2025-05-28 12:24:11,2025-12-31 23:59:59,2000.0,100.0
Kod 100 jednorazowy,Kupon jednorazowy powyżej 2000 zł,044a-d861-49bb,1,1,2025-05-28 12:24:11,2025-12-31 23:59:59,2000.0,100.0
Kod 100 jednorazowy,Kupon jednorazowy powyżej 2000 zł,044c-6e13-46d7,1,1,2025-05-28 12:24:11,2025-12-31 23:59:59,2000.0,100.0
Kod 100 jednorazowy,Kupon jednorazowy powyżej 2000 zł,044a-2337-47e2,1,1,2025-05-28 12:24:11,2025-12-31 23:59:59,2000.0,100.0
Kod 100 jednorazowy,Kupon jednorazowy powyżej 2000 zł,0440-83ba-4479,1,1,2025-05-28 12:24:11,2025-12-31 23:59:59,2000.0,100.0
Kod 100 jednorazowy,Kupon jednorazowy powyżej 2000 zł,0443-58b9-42c4,1,1,2025-05-28 12:24:11,2025-12-31 23:59:59,2000.0,100.0
Kod 100 jednorazowy,Kupon jednorazowy powyżej 2000 zł,0444-5170-441f,1,1,2025-05-28 12:24:11,2025-12-31 23:59:59,2000.0,100.0
Kod 100 jednorazowy,Kupon jednorazowy powyżej 2000 zł,0449-4d7d-47ef,1,1,2025-05-28 12:24:11,2025-12-31 23:59:59,2000.0,100.0
Kod 100 jednorazowy,Kupon jednorazowy powyżej 2000 zł,044a-b287-4f04,1,1,2025-05-28 12:24:11,2025-12-31 23:59:59,2000.0,100.0
Kod 100 jednorazowy,Kupon jednorazowy powyżej 2000 zł,0449-ac47-438f,1,1,2025-05-28 12:24:11,2025-12-31 23:59:59,2000.0,100.0
Kod 100 jednorazowy,Kupon jednorazowy powyżej 2000 zł,0447-aa43-42cf,1,1,2025-05-28 12:24:11,2025-12-31 23:59:59,2000.0,100.0
Kod 100 jednorazowy,Kupon jednorazowy powyżej 2000 zł,0446-5f14-41d0,1,1,2025-05-28 12:24:11,2025-12-31 23:59:59,2000.0,100.0
Kod 100 jednorazowy,Kupon jednorazowy powyżej 2000 zł,0445-41d1-49ea,1,1,2025-05-28 12:24:11,2025-12-31 23:59:59,2000.0,100.0
Kod 100 jednorazowy,Kupon jednorazowy powyżej 2000 zł,0445-bc53-4ee9,1,1,2025-05-28 12:24:11,2025-12-31 23:59:59,2000.0,100.0
Kod 100 jednorazowy,Kupon jednorazowy powyżej 2000 zł,0449-0418-42e9,1,1,2025-05-28 12:24:11,2025-12-31 23:59:59,2000.0,100.0
Kod 100 jednorazowy,Kupon jednorazowy powyżej 2000 zł,044a-4543-412a,1,1,2025-05-28 12:24:11,2025-12-31 23:59:59,2000.0,100.0
Kod 100 jednorazowy,Kupon jednorazowy powyżej 2000 zł,044d-115f-459d,1,1,2025-05-28 12:24:11,2025-12-31 23:59:59,2000.0,100.0
Kod 100 jednorazowy,Kupon jednorazowy powyżej 2000 zł,044f-bf41-4d58,1,1,2025-05-28 12:24:11,2025-12-31 23:59:59,2000.0,100.0
Kod 100 jednorazowy,Kupon jednorazowy powyżej 2000 zł,0445-f98a-434b,1,1,2025-05-28 12:24:11,2025-12-31 23:59:59,2000.0,100.0
Kod 100 jednorazowy,Kupon jednorazowy powyżej 2000 zł,0449-24b0-4de4,1,1,2025-05-28 12:24:11,2025-12-31 23:59:59,2000.0,100.0
Kod 100 jednorazowy,Kupon jednorazowy powyżej 2000 zł,0445-0f9a-4cbb,1,1,2025-05-28 12:24:11,2025-12-31 23:59:59,2000.0,100.0
Kod 100 jednorazowy,Kupon jednorazowy powyżej 2000 zł,044c-3028-4c10,1,1,2025-05-28 12:24:11,2025-12-31 23:59:59,2000.0,100.0
Kod 100 jednorazowy,Kupon jednorazowy powyżej 2000 zł,0449-6990-4cc1,1,1,2025-05-28 12:24:11,2025-12-31 23:59:59,2000.0,100.0
Kod 100 jednorazowy,Kupon jednorazowy powyżej 2000 zł,0445-96fa-4934,1,1,2025-05-28 12:24:11,2025-12-31 23:59:59,2000.0,100.0
Kod 100 jednorazowy,Kupon jednorazowy powyżej 2000 zł,044a-645c-4dea,1,1,2025-05-28 12:24:11,2025-12-31 23:59:59,2000.0,100.0
Kod 100 jednorazowy,Kupon jednorazowy powyżej 2000 zł,044a-89b2-4955,1,1,2025-05-28 12:24:11,2025-12-31 23:59:59,2000.0,100.0
Kod 100 jednorazowy,Kupon jednorazowy powyżej 2000 zł,044c-4211-4c96,1,1,2025-05-28 12:24:11,2025-12-31 23:59:59,2000.0,100.0
Kod 100 jednorazowy,Kupon jednorazowy powyżej 2000 zł,044e-ffef-40ec,1,1,2025-05-28 12:24:11,2025-12-31 23:59:59,2000.0,100.0
Kod 100 jednorazowy,Kupon jednorazowy powyżej 2000 zł,0442-74d1-4d52,1,1,2025-05-28 12:24:11,2025-12-31 23:59:59,2000.0,100.0
Kod 100 jednorazowy,Kupon jednorazowy powyżej 2000 zł,0446-c5c9-4cff,1,1,2025-05-28 12:24:11,2025-12-31 23:59:59,2000.0,100.0
Kod 100 jednorazowy,Kupon jednorazowy powyżej 2000 zł,0440-e79b-4137,1,1,2025-05-28 12:24:11,2025-12-31 23:59:59,2000.0,100.0
Kod 100 jednorazowy,Kupon jednorazowy powyżej 2000 zł,0448-dadc-4c03,1,1,2025-05-28 12:24:11,2025-12-31 23:59:59,2000.0,100.0
Kod 100 jednorazowy,Kupon jednorazowy powyżej 2000 zł,0441-31c1-4138,1,1,2025-05-28 12:24:11,2025-12-31 23:59:59,2000.0,100.0
Kod 100 jednorazowy,Kupon jednorazowy powyżej 2000 zł,0441-401a-45a8,1,1,2025-05-28 12:24:11,2025-12-31 23:59:59,2000.0,100.0
Kod 100 jednorazowy,Kupon jednorazowy powyżej 2000 zł,044b-663e-4bb4,1,1,2025-05-28 12:24:11,2025-12-31 23:59:59,2000.0,100.0
Kod 100 jednorazowy,Kupon jednorazowy powyżej 2000 zł,044b-5a59-4412,1,1,2025-05-28 12:24:11,2025-12-31 23:59:59,2000.0,100.0
Kod 100 jednorazowy,Kupon jednorazowy powyżej 2000 zł,0442-d960-4e26,1,1,2025-05-28 12:24:11,2025-12-31 23:59:59,2000.0,100.0
Kod 100 jednorazowy,Kupon jednorazowy powyżej 2000 zł,044e-a2e5-4a46,1,1,2025-05-28 12:24:11,2025-12-31 23:59:59,2000.0,100.0
Kod 100 jednorazowy,Kupon jednorazowy powyżej 2000 zł,0443-b06a-48b3,1,1,2025-05-28 12:24:11,2025-12-31 23:59:59,2000.0,100.0
Kod 100 jednorazowy,Kupon jednorazowy powyżej 2000 zł,0445-030c-48e7,1,1,2025-05-28 12:24:11,2025-12-31 23:59:59,2000.0,100.0
Kod 100 jednorazowy,Kupon jednorazowy powyżej 2000 zł,0449-9aed-430d,1,1,2025-05-28 12:24:11,2025-12-31 23:59:59,2000.0,100.0
Kod 100 jednorazowy,Kupon jednorazowy powyżej 2000 zł,0445-7464-4181,1,1,2025-05-28 12:24:11,2025-12-31 23:59:59,2000.0,100.0
Kod 100 jednorazowy,Kupon jednorazowy powyżej 2000 zł,0444-e5ca-44ba,1,1,2025-05-28 12:24:11,2025-12-31 23:59:59,2000.0,100.0
Kod 100 jednorazowy,Kupon jednorazowy powyżej 2000 zł,0442-f219-459a,1,1,2025-05-28 12:24:11,2025-12-31 23:59:59,2000.0,100.0
Kod 100 jednorazowy,Kupon jednorazowy powyżej 2000 zł,044b-9f5b-4011,1,1,2025-05-28 12:24:11,2025-12-31 23:59:59,2000.0,100.0
Kod 100 jednorazowy,Kupon jednorazowy powyżej 2000 zł,0445-d436-416d,1,1,2025-05-28 12:24:11,2025-12-31 23:59:59,2000.0,100.0
Kod 100 jednorazowy,Kupon jednorazowy powyżej 2000 zł,0440-07a0-4d2e,1,1,2025-05-28 12:24:11,2025-12-31 23:59:59,2000.0,100.0
Kod 100 jednorazowy,Kupon jednorazowy powyżej 2000 zł,0442-650b-4027,1,1,2025-05-28 12:24:11,2025-12-31 23:59:59,2000.0,100.0
Kod 100 jednorazowy,Kupon jednorazowy powyżej 2000 zł,0448-cae2-4e3c,1,1,2025-05-28 12:24:11,2025-12-31 23:59:59,2000.0,100.0
Kod 100 jednorazowy,Kupon jednorazowy powyżej 2000 zł,0447-c6f6-49eb,1,1,2025-05-28 12:24:11,2025-12-31 23:59:59,2000.0,100.0
Kod 100 jednorazowy,Kupon jednorazowy powyżej 2000 zł,0448-d290-43d6,1,1,2025-05-28 12:24:11,2025-12-31 23:59:59,2000.0,100.0
Kod 100 jednorazowy,Kupon jednorazowy powyżej 2000 zł,044e-4fc7-4f2a,1,1,2025-05-28 12:24:11,2025-12-31 23:59:59,2000.0,100.0
Kod 100 jednorazowy,Kupon jednorazowy powyżej 2000 zł,0448-31cd-4315,1,1,2025-05-28 12:24:11,2025-12-31 23:59:59,2000.0,100.0
Kod 100 jednorazowy,Kupon jednorazowy powyżej 2000 zł,044e-7c3e-4ad5,1,1,2025-05-28 12:24:11,2025-12-31 23:59:59,2000.0,100.0
Kod 100 jednorazowy,Kupon jednorazowy powyżej 2000 zł,044f-5a0e-46b0,1,1,2025-05-28 12:24:11,2025-12-31 23:59:59,2000.0,100.0
Kod 100 jednorazowy,Kupon jednorazowy powyżej 2000 zł,0443-7e26-4eeb,1,1,2025-05-28 12:24:11,2025-12-31 23:59:59,2000.0,100.0
Kod 100 jednorazowy,Kupon jednorazowy powyżej 2000 zł,044b-4148-44b0,1,1,2025-05-28 12:24:11,2025-12-31 23:59:59,2000.0,100.0
Kod 100 jednorazowy,Kupon jednorazowy powyżej 2000 zł,0444-24e8-4490,1,1,2025-05-28 12:24:11,2025-12-31 23:59:59,2000.0,100.0
Kod 100 jednorazowy,Kupon jednorazowy powyżej 2000 zł,044a-9c25-45cf,1,1,2025-05-28 12:24:11,2025-12-31 23:59:59,2000.0,100.0
Kod 100 jednorazowy,Kupon jednorazowy powyżej 2000 zł,0449-7651-4350,1,1,2025-05-28 12:24:11,2025-12-31 23:59:59,2000.0,100.0
Kod 100 jednorazowy,Kupon jednorazowy powyżej 2000 zł,0446-9ef3-499c,1,1,2025-05-28 12:24:11,2025-12-31 23:59:59,2000.0,100.0
Kod 100 jednorazowy,Kupon jednorazowy powyżej 2000 zł,0448-2169-459e,1,1,2025-05-28 12:24:11,2025-12-31 23:59:59,2000.0,100.0
Kod 100 jednorazowy,Kupon jednorazowy powyżej 2000 zł,044f-a058-443c,1,1,2025-05-28 12:24:11,2025-12-31 23:59:59,2000.0,100.0
Kod 100 jednorazowy,Kupon jednorazowy powyżej 2000 zł,044e-1cd9-4244,1,1,2025-05-28 12:24:11,2025-12-31 23:59:59,2000.0,100.0
Kod 100 jednorazowy,Kupon jednorazowy powyżej 2000 zł,0446-4b2b-47e5,1,1,2025-05-28 12:24:11,2025-12-31 23:59:59,2000.0,100.0
Kod 100 jednorazowy,Kupon jednorazowy powyżej 2000 zł,0449-b8de-4346,1,1,2025-05-28 12:24:11,2025-12-31 23:59:59,2000.0,100.0
Kod 100 jednorazowy,Kupon jednorazowy powyżej 2000 zł,044b-e10c-47be,1,1,2025-05-28 12:24:11,2025-12-31 23:59:59,2000.0,100.0
Kod 100 jednorazowy,Kupon jednorazowy powyżej 2000 zł,0444-68d6-45a5,1,1,2025-05-28 12:24:11,2025-12-31 23:59:59,2000.0,100.0
Kod 100 jednorazowy,Kupon jednorazowy powyżej 2000 zł,0440-2e01-4b43,1,1,2025-05-28 12:24:11,2025-12-31 23:59:59,2000.0,100.0
Kod 100 jednorazowy,Kupon jednorazowy powyżej 2000 zł,044c-4e0c-43f6,1,1,2025-05-28 12:24:11,2025-12-31 23:59:59,2000.0,100.0
Kod 100 jednorazowy,Kupon jednorazowy powyżej 2000 zł,0442-8c03-468f,1,1,2025-05-28 12:24:11,2025-12-31 23:59:59,2000.0,100.0
Kod 100 jednorazowy,Kupon jednorazowy powyżej 2000 zł,0448-4f87-4477,1,1,2025-05-28 12:24:11,2025-12-31 23:59:59,2000.0,100.0
Kod 100 jednorazowy,Kupon jednorazowy powyżej 2000 zł,0442-fb60-4a04,1,1,2025-05-28 12:24:11,2025-12-31 23:59:59,2000.0,100.0
Kod 100 jednorazowy,Kupon jednorazowy powyżej 2000 zł,0445-5508-4de8,1,1,2025-05-28 12:24:11,2025-12-31 23:59:59,2000.0,100.0
Kod 100 jednorazowy,Kupon jednorazowy powyżej 2000 zł,0440-6b61-441b,1,1,2025-05-28 12:24:11,2025-12-31 23:59:59,2000.0,100.0
Kod 100 jednorazowy,Kupon jednorazowy powyżej 2000 zł,0445-26d6-4930,1,1,2025-05-28 12:24:11,2025-12-31 23:59:59,2000.0,100.0
Kod 100 jednorazowy,Kupon jednorazowy powyżej 2000 zł,0449-61e1-45b5,1,1,2025-05-28 12:24:11,2025-12-31 23:59:59,2000.0,100.0
Kod 100 jednorazowy,Kupon jednorazowy powyżej 2000 zł,044b-953b-4aad,1,1,2025-05-28 12:24:11,2025-12-31 23:59:59,2000.0,100.0
Kod 100 jednorazowy,Kupon jednorazowy powyżej 2000 zł,044d-d84a-4c55,1,1,2025-05-28 12:24:11,2025-12-31 23:59:59,2000.0,100.0
Kod 100 jednorazowy,Kupon jednorazowy powyżej 2000 zł,0441-95eb-4061,1,1,2025-05-28 12:24:11,2025-12-31 23:59:59,2000.0,100.0
Kod 100 jednorazowy,Kupon jednorazowy powyżej 2000 zł,044f-df7b-4992,1,1,2025-05-28 12:24:11,2025-12-31 23:59:59,2000.0,100.0
Kod 100 jednorazowy,Kupon jednorazowy powyżej 2000 zł,0447-de44-4a00,1,1,2025-05-28 12:24:11,2025-12-31 23:59:59,2000.0,100.0
Kod 100 jednorazowy,Kupon jednorazowy powyżej 2000 zł,0449-9fe9-48d1,1,1,2025-05-28 12:24:11,2025-12-31 23:59:59,2000.0,100.0
Kod 100 jednorazowy,Kupon jednorazowy powyżej 2000 zł,0446-415d-47ce,1,1,2025-05-28 12:24:11,2025-12-31 23:59:59,2000.0,100.0
Kod 100 jednorazowy,Kupon jednorazowy powyżej 2000 zł,0440-c5ac-4c86,1,1,2025-05-28 12:24:11,2025-12-31 23:59:59,2000.0,100.0
Kod 100 jednorazowy,Kupon jednorazowy powyżej 2000 zł,044a-49dd-45d1,1,1,2025-05-28 12:24:11,2025-12-31 23:59:59,2000.0,100.0
Kod 100 jednorazowy,Kupon jednorazowy powyżej 2000 zł,044c-441b-41eb,1,1,2025-05-28 12:24:11,2025-12-31 23:59:59,2000.0,100.0
Kod 100 jednorazowy,Kupon jednorazowy powyżej 2000 zł,0443-9ade-445f,1,1,2025-05-28 12:24:11,2025-12-31 23:59:59,2000.0,100.0
Kod 100 jednorazowy,Kupon jednorazowy powyżej 2000 zł,0442-824e-40a4,1,1,2025-05-28 12:24:11,2025-12-31 23:59:59,2000.0,100.0
Kod 100 jednorazowy,Kupon jednorazowy powyżej 2000 zł,044b-124b-4043,1,1,2025-05-28 12:24:11,2025-12-31 23:59:59,2000.0,100.0
Kod 100 jednorazowy,Kupon jednorazowy powyżej 2000 zł,0445-48d9-416a,1,1,2025-05-28 12:24:11,2025-12-31 23:59:59,2000.0,100.0
Kod 100 jednorazowy,Kupon jednorazowy powyżej 2000 zł,0448-a07b-4a4a,1,1,2025-05-28 12:24:11,2025-12-31 23:59:59,2000.0,100.0
Kod 100 jednorazowy,Kupon jednorazowy powyżej 2000 zł,044f-de12-4a2c,1,1,2025-05-28 12:24:11,2025-12-31 23:59:59,2000.0,100.0
Kod 100 jednorazowy,Kupon jednorazowy powyżej 2000 zł,0444-15de-4b55,1,1,2025-05-28 12:24:11,2025-12-31 23:59:59,2000.0,100.0
Kod 100 jednorazowy,Kupon jednorazowy powyżej 2000 zł,044b-030d-45a2,1,1,2025-05-28 12:24:11,2025-12-31 23:59:59,2000.0,100.0
Kod 100 jednorazowy,Kupon jednorazowy powyżej 2000 zł,0449-cce9-4e34,1,1,2025-05-28 12:24:11,2025-12-31 23:59:59,2000.0,100.0
Kod 100 jednorazowy,Kupon jednorazowy powyżej 2000 zł,0446-fb27-47f0,1,1,2025-05-28 12:24:11,2025-12-31 23:59:59,2000.0,100.0
Kod 100 jednorazowy,Kupon jednorazowy powyżej 2000 zł,0441-c783-4cb7,1,1,2025-05-28 12:24:11,2025-12-31 23:59:59,2000.0,100.0
Kod 100 jednorazowy,Kupon jednorazowy powyżej 2000 zł,0443-52e3-49a6,1,1,2025-05-28 12:24:11,2025-12-31 23:59:59,2000.0,100.0
Kod 100 jednorazowy,Kupon jednorazowy powyżej 2000 zł,0449-e988-4398,1,1,2025-05-28 12:24:11,2025-12-31 23:59:59,2000.0,100.0
Kod 100 jednorazowy,Kupon jednorazowy powyżej 2000 zł,0441-a5ed-4fcd,1,1,2025-05-28 12:24:11,2025-12-31 23:59:59,2000.0,100.0
Kod 100 jednorazowy,Kupon jednorazowy powyżej 2000 zł,0449-c4d0-4832,1,1,2025-05-28 12:24:11,2025-12-31 23:59:59,2000.0,100.0
Kod 100 jednorazowy,Kupon jednorazowy powyżej 2000 zł,0449-8f08-4358,1,1,2025-05-28 12:24:11,2025-12-31 23:59:59,2000.0,100.0
Kod 100 jednorazowy,Kupon jednorazowy powyżej 2000 zł,044c-fc31-411d,1,1,2025-05-28 12:24:11,2025-12-31 23:59:59,2000.0,100.0
Kod 100 jednorazowy,Kupon jednorazowy powyżej 2000 zł,044d-5561-4335,1,1,2025-05-28 12:24:11,2025-12-31 23:59:59,2000.0,100.0
Kod 100 jednorazowy,Kupon jednorazowy powyżej 2000 zł,0441-2cad-4cf0,1,1,2025-05-28 12:24:11,2025-12-31 23:59:59,2000.0,100.0
Kod 100 jednorazowy,Kupon jednorazowy powyżej 2000 zł,044c-392e-4cbe,1,1,2025-05-28 12:24:11,2025-12-31 23:59:59,2000.0,100.0
Kod 100 jednorazowy,Kupon jednorazowy powyżej 2000 zł,044d-6a0b-4616,1,1,2025-05-28 12:24:11,2025-12-31 23:59:59,2000.0,100.0
Kod 100 jednorazowy,Kupon jednorazowy powyżej 2000 zł,044a-034d-4bce,1,1,2025-05-28 12:24:11,2025-12-31 23:59:59,2000.0,100.0
Kod 100 jednorazowy,Kupon jednorazowy powyżej 2000 zł,0449-b12b-445d,1,1,2025-05-28 12:24:11,2025-12-31 23:59:59,2000.0,100.0
Kod 100 jednorazowy,Kupon jednorazowy powyżej 2000 zł,0443-359a-4d3b,1,1,2025-05-28 12:24:11,2025-12-31 23:59:59,2000.0,100.0
Kod 100 jednorazowy,Kupon jednorazowy powyżej 2000 zł,0446-fe72-4025,1,1,2025-05-28 12:24:11,2025-12-31 23:59:59,2000.0,100.0
Kod 100 jednorazowy,Kupon jednorazowy powyżej 2000 zł,0441-7c1c-4476,1,1,2025-05-28 12:24:11,2025-12-31 23:59:59,2000.0,100.0
Kod 100 jednorazowy,Kupon jednorazowy powyżej 2000 zł,0444-e9d6-49d5,1,1,2025-05-28 12:24:11,2025-12-31 23:59:59,2000.0,100.0
Kod 100 jednorazowy,Kupon jednorazowy powyżej 2000 zł,0448-c0db-4a54,1,1,2025-05-28 12:24:11,2025-12-31 23:59:59,2000.0,100.0
Kod 100 jednorazowy,Kupon jednorazowy powyżej 2000 zł,044c-addd-43f6,1,1,2025-05-28 12:24:11,2025-12-31 23:59:59,2000.0,100.0
Kod 100 jednorazowy,Kupon jednorazowy powyżej 2000 zł,044d-d7c1-4d58,1,1,2025-05-28 12:24:11,2025-12-31 23:59:59,2000.0,100.0
Kod 100 jednorazowy,Kupon jednorazowy powyżej 2000 zł,0449-ae07-4f8c,1,1,2025-05-28 12:24:11,2025-12-31 23:59:59,2000.0,100.0
Kod 100 jednorazowy,Kupon jednorazowy powyżej 2000 zł,044c-6dd8-44ab,1,1,2025-05-28 12:24:11,2025-12-31 23:59:59,2000.0,100.0
Kod 100 jednorazowy,Kupon jednorazowy powyżej 2000 zł,0445-6899-4499,1,1,2025-05-28 12:24:11,2025-12-31 23:59:59,2000.0,100.0
Kod 100 jednorazowy,Kupon jednorazowy powyżej 2000 zł,0445-9a32-4049,1,1,2025-05-28 12:24:11,2025-12-31 23:59:59,2000.0,100.0
Kod 100 jednorazowy,Kupon jednorazowy powyżej 2000 zł,0448-8b58-4aed,1,1,2025-05-28 12:24:11,2025-12-31 23:59:59,2000.0,100.0
Kod 100 jednorazowy,Kupon jednorazowy powyżej 2000 zł,044f-feb7-4237,1,1,2025-05-28 12:24:11,2025-12-31 23:59:59,2000.0,100.0
Kod 100 jednorazowy,Kupon jednorazowy powyżej 2000 zł,044d-6303-4949,1,1,2025-05-28 12:24:11,2025-12-31 23:59:59,2000.0,100.0
Kod 100 jednorazowy,Kupon jednorazowy powyżej 2000 zł,044c-49a5-4474,1,1,2025-05-28 12:24:11,2025-12-31 23:59:59,2000.0,100.0
Kod 100 jednorazowy,Kupon jednorazowy powyżej 2000 zł,044c-12f4-45ba,1,1,2025-05-28 12:24:11,2025-12-31 23:59:59,2000.0,100.0
Kod 100 jednorazowy,Kupon jednorazowy powyżej 2000 zł,044e-96dc-4dd9,1,1,2025-05-28 12:24:11,2025-12-31 23:59:59,2000.0,100.0
Kod 100 jednorazowy,Kupon jednorazowy powyżej 2000 zł,0443-d6a2-4a48,1,1,2025-05-28 12:24:11,2025-12-31 23:59:59,2000.0,100.0
Kod 100 jednorazowy,Kupon jednorazowy powyżej 2000 zł,0442-01f3-4e90,1,1,2025-05-28 12:24:11,2025-12-31 23:59:59,2000.0,100.0
Kod 100 jednorazowy,Kupon jednorazowy powyżej 2000 zł,0442-1dd8-4749,1,1,2025-05-28 12:24:11,2025-12-31 23:59:59,2000.0,100.0
Kod 100 jednorazowy,Kupon jednorazowy powyżej 2000 zł,0447-0937-47ca,1,1,2025-05-28 12:24:11,2025-12-31 23:59:59,2000.0,100.0
Kod 100 jednorazowy,Kupon jednorazowy powyżej 2000 zł,044d-182a-4176,1,1,2025-05-28 12:24:11,2025-12-31 23:59:59,2000.0,100.0
Kod 100 jednorazowy,Kupon jednorazowy powyżej 2000 zł,0448-fe08-45af,1,1,2025-05-28 12:24:11,2025-12-31 23:59:59,2000.0,100.0
Kod 100 jednorazowy,Kupon jednorazowy powyżej 2000 zł,0448-9bb5-468d,1,1,2025-05-28 12:24:11,2025-12-31 23:59:59,2000.0,100.0
Kod 100 jednorazowy,Kupon jednorazowy powyżej 2000 zł,0443-d7d1-4cb6,1,1,2025-05-28 12:24:11,2025-12-31 23:59:59,2000.0,100.0
Kod 100 jednorazowy,Kupon jednorazowy powyżej 2000 zł,0448-ded5-42fb,1,1,2025-05-28 12:24:11,2025-12-31 23:59:59,2000.0,100.0
Kod 100 jednorazowy,Kupon jednorazowy powyżej 2000 zł,0445-f245-49d9,1,1,2025-05-28 12:24:11,2025-12-31 23:59:59,2000.0,100.0
Kod 100 jednorazowy,Kupon jednorazowy powyżej 2000 zł,0447-96ed-4778,1,1,2025-05-28 12:24:11,2025-12-31 23:59:59,2000.0,100.0
Kod 100 jednorazowy,Kupon jednorazowy powyżej 2000 zł,0448-3f22-4bd3,1,1,2025-05-28 12:24:11,2025-12-31 23:59:59,2000.0,100.0
Kod 100 jednorazowy,Kupon jednorazowy powyżej 2000 zł,0447-dc44-428b,1,1,2025-05-28 12:24:11,2025-12-31 23:59:59,2000.0,100.0
Kod 100 jednorazowy,Kupon jednorazowy powyżej 2000 zł,044f-2e50-435d,1,1,2025-05-28 12:24:11,2025-12-31 23:59:59,2000.0,100.0
Kod 100 jednorazowy,Kupon jednorazowy powyżej 2000 zł,044b-3f2c-4ef0,1,1,2025-05-28 12:24:11,2025-12-31 23:59:59,2000.0,100.0
Kod 100 jednorazowy,Kupon jednorazowy powyżej 2000 zł,044e-4c03-49ba,1,1,2025-05-28 12:24:11,2025-12-31 23:59:59,2000.0,100.0
Kod 100 jednorazowy,Kupon jednorazowy powyżej 2000 zł,0449-548b-4872,1,1,2025-05-28 12:24:11,2025-12-31 23:59:59,2000.0,100.0
Kod 100 jednorazowy,Kupon jednorazowy powyżej 2000 zł,0447-7fd5-4030,1,1,2025-05-28 12:24:11,2025-12-31 23:59:59,2000.0,100.0
Kod 100 jednorazowy,Kupon jednorazowy powyżej 2000 zł,0444-d383-489f,1,1,2025-05-28 12:24:11,2025-12-31 23:59:59,2000.0,100.0
Kod 100 jednorazowy,Kupon jednorazowy powyżej 2000 zł,0442-0206-4866,1,1,2025-05-28 12:24:11,2025-12-31 23:59:59,2000.0,100.0
Kod 100 jednorazowy,Kupon jednorazowy powyżej 2000 zł,0446-ad7e-4205,1,1,2025-05-28 12:24:11,2025-12-31 23:59:59,2000.0,100.0
Kod 100 jednorazowy,Kupon jednorazowy powyżej 2000 zł,0448-da7b-4e47,1,1,2025-05-28 12:24:11,2025-12-31 23:59:59,2000.0,100.0
Kod 100 jednorazowy,Kupon jednorazowy powyżej 2000 zł,0440-e076-4f7e,1,1,2025-05-28 12:24:11,2025-12-31 23:59:59,2000.0,100.0
Kod 100 jednorazowy,Kupon jednorazowy powyżej 2000 zł,044f-8f6a-416e,1,1,2025-05-28 12:24:11,2025-12-31 23:59:59,2000.0,100.0
Kod 100 jednorazowy,Kupon jednorazowy powyżej 2000 zł,044e-6997-4120,1,1,2025-05-28 12:24:11,2025-12-31 23:59:59,2000.0,100.0
Kod 100 jednorazowy,Kupon jednorazowy powyżej 2000 zł,0440-16ef-4ed1,1,1,2025-05-28 12:24:11,2025-12-31 23:59:59,2000.0,100.0
Kod 100 jednorazowy,Kupon jednorazowy powyżej 2000 zł,0441-3448-47fa,1,1,2025-05-28 12:24:11,2025-12-31 23:59:59,2000.0,100.0
Kod 100 jednorazowy,Kupon jednorazowy powyżej 2000 zł,0446-b6c6-458d,1,1,2025-05-28 12:24:11,2025-12-31 23:59:59,2000.0,100.0
Kod 100 jednorazowy,Kupon jednorazowy powyżej 2000 zł,044c-31bf-49dc,1,1,2025-05-28 12:24:11,2025-12-31 23:59:59,2000.0,100.0
Kod 100 jednorazowy,Kupon jednorazowy powyżej 2000 zł,0447-73d2-4d99,1,1,2025-05-28 12:24:11,2025-12-31 23:59:59,2000.0,100.0
Kod 100 jednorazowy,Kupon jednorazowy powyżej 2000 zł,044a-22e0-47a4,1,1,2025-05-28 12:24:11,2025-12-31 23:59:59,2000.0,100.0
Kod 100 jednorazowy,Kupon jednorazowy powyżej 2000 zł,044f-5c17-4c66,1,1,2025-05-28 12:24:11,2025-12-31 23:59:59,2000.0,100.0
Kod 100 jednorazowy,Kupon jednorazowy powyżej 2000 zł,0449-3f6d-419b,1,1,2025-05-28 12:24:11,2025-12-31 23:59:59,2000.0,100.0
Kod 100 jednorazowy,Kupon jednorazowy powyżej 2000 zł,0447-adc5-479f,1,1,2025-05-28 12:24:11,2025-12-31 23:59:59,2000.0,100.0
Kod 100 jednorazowy,Kupon jednorazowy powyżej 2000 zł,044e-1c5d-42bc,1,1,2025-05-28 12:24:11,2025-12-31 23:59:59,2000.0,100.0
Kod 100 jednorazowy,Kupon jednorazowy powyżej 2000 zł,044b-6450-4236,1,1,2025-05-28 12:24:11,2025-12-31 23:59:59,2000.0,100.0
Kod 100 jednorazowy,Kupon jednorazowy powyżej 2000 zł,0449-6372-49bd,1,1,2025-05-28 12:24:11,2025-12-31 23:59:59,2000.0,100.0
Kod 100 jednorazowy,Kupon jednorazowy powyżej 2000 zł,0448-eb04-417b,1,1,2025-05-28 12:24:11,2025-12-31 23:59:59,2000.0,100.0
Kod 100 jednorazowy,Kupon jednorazowy powyżej 2000 zł,0448-93c1-41c0,1,1,2025-05-28 12:24:11,2025-12-31 23:59:59,2000.0,100.0
Kod 100 jednorazowy,Kupon jednorazowy powyżej 2000 zł,044e-1da7-45f2,1,1,2025-05-28 12:24:11,2025-12-31 23:59:59,2000.0,100.0
Kod 100 jednorazowy,Kupon jednorazowy powyżej 2000 zł,0446-65f3-49cf,1,1,2025-05-28 12:24:11,2025-12-31 23:59:59,2000.0,100.0
Kod 100 jednorazowy,Kupon jednorazowy powyżej 2000 zł,0445-cf7a-4df6,1,1,2025-05-28 12:24:11,2025-12-31 23:59:59,2000.0,100.0