STARY LINK,LINK,typ
/p/silnik-vanguard-31hp*,https://www.norwit.pl/p/silnik-spalinowy-briggs-stratton-vanguard-31-gross-31-km,301
/p/silnik-briggs-stratton-vanguard-31hp-285mm*,https://www.norwit.pl/p/silnik-spalinowy-briggs-stratton-vanguard-31-gross-31-km,301
/p/silnik-briggs-stratton-vanguard-35hp-hd-365mm*,https://www.norwit.pl/p/silnik-spalinowy-briggs-stratton-vanguard-35-35-km,301
/nkpdmyflvqhchs9c/index.php/sell/catalog/products/1996*,https://www.norwit.pl/p/silnik-spalinowy-briggs-stratton-vanguard-35-35-km,301
/p/silnik-do-traktorka-spalinowy-briggsstraton-intek-ohv-105km-rozrusznik-elektryczny*,https://www.norwit.pl/p/silnik-spalinowy-briggs-stratton-intek-3130-ohv-13-km-135-km,301
/p/silnik-spalinowy-briggsstraton-xr950-i-c*,https://www.norwit.pl/p/silnik-spalinowy-briggs-stratton-xr950-65-km,301
/p/silnik-do-traktorka-spalinowy-briggsstraton-intek-ohv-135km-rozrusznik-elektryczny*,https://www.norwit.pl/p/silnik-spalinowy-briggs-stratton-intek-3130-ohv-13-km-135-km,301
/p/silnik-do-traktorka-spalinowy-briggsstraton-intek-ohv-13km-rozrusznik-elektryczny-80-254-mm*,https://www.norwit.pl/p/silnik-spalinowy-briggs-stratton-intek-3130-ohv-13-km-135-km,301
/p/silnik-spalinowy-briggsstraton-xr750-i-c*,https://www.norwit.pl/p/silnik-spalinowy-briggs-stratton-xr750-5-km,301
/p/silnik-spalinowy-briggsstraton-xr2100-i-c-wal-254mm*,https://www.norwit.pl/p/silnik-spalinowy-briggs-stratton-xr2100-135-km,301
/p/silnik-spalinowy-briggsstraton-xr1450-i-c*,https://www.norwit.pl/p/silnik-spalinowy-briggs-stratton-xr1450-10-km,301
/p/silnik-spalinowy-briggsstraton-vanguard-65hp-62mm-x-1905mm*,https://www.norwit.pl/p/silnik-spalinowy-briggs-stratton-vanguard-200-65-km,301
/p/silnik-spalinowy-briggsstraton-vanguard-65hp-529mm-x-20mm*,https://www.norwit.pl/p/silnik-spalinowy-briggs-stratton-vanguard-200-65-km,301
/p/silnik-spalinowy-briggsstraton-850e-ohv-72mm-x-25-mm-i-c*,https://www.norwit.pl/p/silnik-spalinowy-briggs-stratton-850e-59-km,301
/p/silnik-spalinowy-briggsstraton-850e-ohv-72mm-x-222-mm-ciezkie-kolo-i-c*,https://www.norwit.pl/p/silnik-spalinowy-briggs-stratton-850e-59-km,301
/p/silnik-spalinowy-briggsstraton-850e-ohv-52mm-x-222-mm-ciezkie-kolo-i-c*,https://www.norwit.pl/p/silnik-spalinowy-briggs-stratton-850e-59-km,301
/p/silnik-spalinowy-briggsstraton-850e-ohv-52mm-x-222-mm-i-c*,https://www.norwit.pl/p/silnik-spalinowy-briggs-stratton-850e-59-km,301
/p/silnik-spalinowy-briggsstraton-750pxi-dov-72mm-x-222-mm-ciezkie-kolo-i-c*,https://www.norwit.pl/p/silnik-spalinowy-briggs-stratton-750pxi-dovR-i-c-6-km,301
/p/silnik-spalinowy-briggsstraton-750pxi-dov-52mm-x-222-mm-ciezkie-kolo-i-c*,https://www.norwit.pl/p/silnik-spalinowy-briggs-stratton-750pxi-dovR-i-c-6-km,301
/p/silnik-spalinowy-briggsstraton-750pxi-dov-72mm-x-25-mm*,https://www.norwit.pl/p/silnik-spalinowy-briggs-stratton-750pxi-dovR-i-c-6-km,301
/p/silnik-spalinowy-briggsstraton-750pxi-dov-52mm-x-222-mm*,https://www.norwit.pl/p/silnik-spalinowy-briggs-stratton-750pxi-dovR-i-c-6-km,301
/p/silnik-spalinowy-briggsstraton-675exi-ohv-52mm-x-222-mm-ciezkie-kolo*,https://www.norwit.pl/p/silnik-spalinowy-briggs-stratton-750pxi-dovR-i-c-6-km,301
/p/silnik-spalinowy-briggsstraton-675exi-ohv-72mm-x-25-mm*,https://www.norwit.pl/p/silnik-spalinowy-briggs-stratton-675exi-55-km-675-km,301
/p/silnik-spalinowy-briggsstraton-675exi-ohv-72mm-x-222-mm*,https://www.norwit.pl/p/silnik-spalinowy-briggs-stratton-675exi-55-km-675-km,301
/p/silnik-spalinowy-briggsstraton-675exi-ohv-52mm-x-222-mm*,https://www.norwit.pl/p/silnik-spalinowy-briggs-stratton-675exi-55-km-675-km,301
/p/silnik-spalinowy-briggs-stratton-675exi-52-222-mm*,https://www.norwit.pl/p/silnik-spalinowy-briggs-stratton-675exi-55-km-675-km,301
/p/silnik-spalinowy-briggs-stratton-625exi-i-c-z-ciezszym-kolem-zamachowym*,https://www.norwit.pl/p/silnik-spalinowy-briggs-stratton-625exi-44-km-625-km,301
/p/silnik-spalinowy-briggsstraton-625exi-ohv-72-222mm*,https://www.norwit.pl/p/silnik-spalinowy-briggs-stratton-625exi-44-km-625-km,301
/p/silnik-spalinowy-briggsstraton-575ex-ohv*,https://www.norwit.pl/p/silnik-spalinowy-briggs-stratton-575ex-37-km,301
/p/silnik-spalinowy-briggsstraton-500e-ohv*,https://www.norwit.pl/p/silnik-spalinowy-briggs-stratton-500e-4-km,301
/p/silnik-spalinowy-briggsstraton-500e-ohv-1*,https://www.norwit.pl/p/silnik-spalinowy-briggs-stratton-500e-4-km,301
/p/silnik-spalinowy-briggsstraton-450e*,https://www.norwit.pl/p/silnik-spalinowy-briggs-stratton-450e-35-km,301
/p/silnik-elektryczny-briggsstraton-82li-series-15kw-zestaw-powerhead*,https://www.norwit.pl/c/silniki-spalinowe-briggs-stratton,301
/p/silnik-elektryczny-briggsstraton-82li-series-15kw-72mm-x-222mm*,https://www.norwit.pl/c/silniki-spalinowe-briggs-stratton,301
/p/silnik-elektryczny-briggsstraton-82li-series-15kw-52mm-x-222mm*,https://www.norwit.pl/c/silniki-spalinowe-briggs-stratton,301
/p/silnik-do-traktorka-spalinowy-briggsstraton-intek-ohv-v-twin-22hp-rozrusznik-elektryczny*,https://www.norwit.pl/p/silnik-spalinowy-briggs-stratton-intek-5210px-ohv-21-km,301
/p/silnik-do-traktorka-spalinowy-briggsstraton-intek-ohv-19km-rozrusznik-elektryczny-80-254-mm*,https://www.norwit.pl/p/silnik-spalinowy-briggs-stratton-intek-4195-ohv-195-km,301
/p/silnik-do-traktorka-spalinowy-briggsstraton-intek-ohv-175km-rozrusznik-elektryczny*,https://www.norwit.pl/p/silnik-spalinowy-briggs-stratton-intek-4175-ohv-175-km,301
/p/silnik-bs-vanguard-400-14-hp-cyclone*,https://www.norwit.pl/p/silnik-spalinowy-briggs-stratton-vanguard-400-14-km,301
/p/silnik-vanguard-31hp-stac-zew*,https://www.norwit.pl/p/silnik-spalinowy-briggs-stratton-vanguard-31-gross-31-km,301
/p/silnik-vanguard-31hp-285mm-z-tlumikiem*,https://www.norwit.pl/p/silnik-spalinowy-briggs-stratton-vanguard-31-gross-31-km,301