kategoria;id_produktu;nazwa_produktu
"Akcesoria do agregatów malarskich";226;"Dysza do malowarki drogowej TITAN 217"
"Akcesoria do agregatów malarskich";228;"Dysza do malowarki drogowej TITAN 417"
"Akcesoria do agregatów malarskich";230;"Dysza do malowarki drogowej TITAN 421"
"Akcesoria do agregatów malarskich";231;"Dysza HEA ProTip 515 Wagner"
"Akcesoria do agregatów malarskich";232;"Dysza HEA ProTip 519 Wagner"
"Akcesoria do agregatów malarskich";233;"Dysza HEA ProTip 521 Wagner"
"Akcesoria do agregatów malarskich";234;"Dysza ProTip HEA - 519 Wagner"
"Akcesoria do agregatów malarskich";236;"Dysza S60 0,30 (AIRREX AH-200i | AH-300i)"
"Akcesoria do agregatów malarskich";238;"Dysza S60 0,40 (AIRREX AH-800i)"
"Akcesoria do agregatów malarskich";240;"Dysza Trade TIP 3 - 219 Wagner"
"Akcesoria do agregatów malarskich";241;"Dysza Trade TIP 3 - 311 Wagner"
"Akcesoria do agregatów malarskich";243;"Dysza Trade TIP 3 - 315 Wagner"
"Akcesoria do agregatów malarskich";246;"Dysza Trade TIP 3 - 413 Wagner"
"Akcesoria do agregatów malarskich";247;"Dysza Trade TIP 3 - 415 Wagner"
"Akcesoria do agregatów malarskich";249;"Dysza Trade TIP 3 - 417 Wagner"
"Akcesoria do agregatów malarskich";250;"Dysza Trade TIP 3 - 509 Wagner"
"Akcesoria do agregatów malarskich";252;"Dysza Trade TIP 3 - 511 Wagner"
"Akcesoria do agregatów malarskich";256;"Dysza Trade TIP 3 - 517 Wagner"
"Akcesoria do agregatów malarskich";255;"Dysza Trade TIP 3 - 519 Wagner"
"Akcesoria do agregatów malarskich";258;"Dysza Trade TIP 3 - 619 Wagner"
"Akcesoria do agregatów malarskich";260;"Dysza Trade TIP 3 - 819 Wagner"
"Akcesoria do agregatów malarskich";545;"Filtr pompy Titan 60 oczek Wagner"
"Akcesoria do agregatów malarskich";5449;"Głowica do agregatu malarskiego Titan StandardSpray 4.1"
"Akcesoria do agregatów malarskich";685;"Głowica osłona dyszy 7/8"" TITAN Wagner"
"Akcesoria do agregatów malarskich";1388;"Malowarka oznakowania drogowego Titan POWRLINER 3500 1 gun"
"Akcesoria do agregatów malarskich";1390;"Malowarka oznakowania drogowego Titan POWRLINER 4955"
"Akcesoria do agregatów malarskich";1391;"Malowarka oznakowania drogowego Titan POWRLINER 6955"
"Akcesoria do agregatów malarskich";1392;"Malowarka oznakowania drogowego Titan POWRLINER 8955"
"Akcesoria do agregatów malarskich";1230;"Olej smarujący Nuto H 46 0,5 litra Wagner"
"Akcesoria do agregatów malarskich";5542;"Pistolet do agregatu malarskiego Titan Wagner S-3 (270 bar)"
"Akcesoria do agregatów malarskich";1711;"Pistolet Wagner Vector Pro 250bar"
"Akcesoria do agregatów malarskich";2624;"Przedłużka 30 cm 7/8'' TITAN"
"Akcesoria do agregatów malarskich";1727;"Płyn do czyszczenia dysz Tipclean Wagner 1 litr"
"Akcesoria do agregatów malarskich";1730;"Płyn konserwująco-czyszczący EasyClean Wagner 1 litr"
"Akcesoria do agregatów malarskich";3792;"Tipclean Wagner - Klepsydra do czyszczenia dysz"
"Akcesoria do agregatów malarskich";3325;"Wąż do agregatów malarskich Titan 1/4 '' 15m 228 BAR Wagner"
"Akcesoria do agregatów malarskich";4691;"ZBIORNIK SELECT SF 23 5 L KOMPLETNY M 36X2"
"Akcesoria do agregatów malarskich";4746;"ZESTAW Filtr paluszkowy Wagner 10 sztuk biały 50 oczek"
"Akcesoria do agregatów malarskich";4748;"ZESTAW Filtr paluszkowy Wagner 10 sztuk czerwony 180 oczek"
"Akcesoria do agregatów malarskich";4749;"ZESTAW Filtr paluszkowy Wagner 10 sztuk żółty 100 oczek"
"Akcesoria do agregatów malarskich";4819;"Zestaw myjka ciśnieniowa PORTOTECHNICA ABSOLUTE-C 5015P T  piaskarka i turbo dysza"
"Akcesoria do frezarek";632;"Bęben kompletny (z Frezami z węglika TCT do betonu Husqvarna  CG200)"
"Akcesoria do frezarek";634;"Bęben z Frezami do betonu Husqvarna  CG200"
"Akcesoria do frezarek";658;"Frez do betonu gwiazdkowy 5 kątny widia"
"Akcesoria do frezarek";5486;"Frez do frezarki Husqvarna BMP 200/ 215"
"Akcesoria do frezarek";5528;"Frez do ogrzewania podłogowego Toolsa 130 x 17 mm (bardzo twardy beton)"
"Akcesoria do frezarek";5529;"Frez do ogrzewania podłogowego Toolsa 130 x 17 mm (średnio twardy beton)"
"Akcesoria do frezarek";5530;"Frez do ogrzewania podłogowego Toolsa 130 x 17 mm (twardy beton)"
"Akcesoria do frezarek";664;"Frez Hemming HE 120 miękki jastrych"
"Akcesoria do frezarek";666;"Frez Hemming HE 120 twardy beton SUPREME V"
"Akcesoria do frezarek";5396;"Frez Hemming HE 120-U (130 x 17 mm) twardy jastrych | beton"
"Akcesoria do frezarek";669;"Frez Midan Floor 120mm 17mm dedykowany dla frezarek Hemming"
"Akcesoria do frezarek";1440;"Pas klinowy Hemming"
"Akcesoria do frezarek";2248;"Starter Hemming 230V"
"Akcesoria do frezarek";4835;"ZESTAW PRZEKŁADEK DO FREZARKI ENAR"
"Akcesoria do nagrzewnic";21;"1-DROŻNY Panel wylotu powietrza BV 400, BV 500"
"Akcesoria do nagrzewnic";22;"Adapter 2-drożny do BV 110"
"Akcesoria do nagrzewnic";24;"Adapter B18, 2 x ø23cm"
"Akcesoria do nagrzewnic";23;"Adapter B30, 2 x ø31cm"
"Akcesoria do nagrzewnic";25;"ADAPTER BV110/170"
"Akcesoria do nagrzewnic";26;"ADAPTER BV290"
"Akcesoria do nagrzewnic";27;"Adapter BV290, 2 x ø31cm"
"Akcesoria do nagrzewnic";28;"Adapter BV77"
"Akcesoria do nagrzewnic";40;"Adapter RS40"
"Akcesoria do nagrzewnic";581;"Akumulator 6Ah MASTER"
"Akcesoria do nagrzewnic";929;"Czerpak paliwa MASTER"
"Akcesoria do nagrzewnic";145;"dodatek do oleju Rex Nordic - optymalizator diesla (500 ml)"
"Akcesoria do nagrzewnic";210;"Dyfuzor materiałowy do przewodów giętkich Master (31 cm)"
"Akcesoria do nagrzewnic";213;"Dyfuzor materiałowy do przewodów giętkich Master (41 cm)"
"Akcesoria do nagrzewnic";214;"Dyfuzor materiałowy do przewodów giętkich Master (61 cm)"
"Akcesoria do nagrzewnic";543;"Filtr paliwa do AH-200i | AH-300i | AH-800i"
"Akcesoria do nagrzewnic";547;"Filtr powietrza Aerial ASE 200"
"Akcesoria do nagrzewnic";549;"Filtr powietrza Aerial ASE 300"
"Akcesoria do nagrzewnic";551;"Filtr powietrza Aerial ASE 400"
"Akcesoria do nagrzewnic";827;"Kolanko spalinowe regulowane 120mm"
"Akcesoria do nagrzewnic";830;"KOLANKO SPALINOWE REGULOWANE 150mm"
"Akcesoria do nagrzewnic";832;"Kolano nastawne FI 200mm MASTER"
"Akcesoria do nagrzewnic";836;"Kolano wylotowe 120mm"
"Akcesoria do nagrzewnic";837;"Kolano wylotowe 150mm"
"Akcesoria do nagrzewnic";839;"Kolano wylotowe 90° FI 200mm BV 47, BV 691"
"Akcesoria do nagrzewnic";869;"Koło pompowane zestaw"
"Akcesoria do nagrzewnic";871;"Koło pompowane zestaw"
"Akcesoria do nagrzewnic";1433;"Miernik wilgotności Master Heylo HFM 200"
"Akcesoria do nagrzewnic";1211;"Okap kominowy 120mm ze stali nierdzewnej BF35 BV77"
"Akcesoria do nagrzewnic";1212;"Okap kominowy 150mm ze stali nierdzewnej BV BF"
"Akcesoria do nagrzewnic";1214;"Okap kominowy FI 200mm BV471/BV691"
"Akcesoria do nagrzewnic";1431;"Panel sterujący 4"" BCM 191"
"Akcesoria do nagrzewnic";1801;"Podgrzewacz paliwa B 230, B 360, BV 110, BV 170, BV 290, BV 400, XL 9, XL 91"
"Akcesoria do nagrzewnic";1803;"Podgrzewacz paliwa BV77"
"Akcesoria do nagrzewnic";793;"Pokrowiec ochronny Master (BV 471)"
"Akcesoria do nagrzewnic";794;"Pokrowiec ochronny Master (BV 691)"
"Akcesoria do nagrzewnic";1862;"Pokrowiec ochronny na zimę BC 121"
"Akcesoria do nagrzewnic";1864;"Pokrowiec ochronny na zimę BC 221"
"Akcesoria do nagrzewnic";1867;"Pokrowiec ochronny na zimę BC 341"
"Akcesoria do nagrzewnic";1868;"Pokrowiec przeciwdeszczowy BV 110/170"
"Akcesoria do nagrzewnic";1871;"Pokrowiec przeciwdeszczowy BV 290"
"Akcesoria do nagrzewnic";1874;"Pokrowiec przeciwdeszczowy BV 77"
"Akcesoria do nagrzewnic";2617;"Przedłużenie rury Rex Nordic (1000 mm)"
"Akcesoria do nagrzewnic";2619;"Przedłużenie rury Rex Nordic (500 mm)"
"Akcesoria do nagrzewnic";2689;"Przewód gazowy do sprzęgania butli CZ"
"Akcesoria do nagrzewnic";2691;"Przewód gazowy do sprzęgania butli PL"
"Akcesoria do nagrzewnic";2692;"Przewód giętki czarno-żółty PVC 31 cm x 3 m"
"Akcesoria do nagrzewnic";2694;"Przewód giętki czarno-żółty PVC 31 cm x 7,6 m"
"Akcesoria do nagrzewnic";2696;"Przewód giętki czarno-żółty PVC 34 cm X 3 m"
"Akcesoria do nagrzewnic";2699;"Przewód giętki czarno-żółty PVC 34 cm x 7,6 m"
"Akcesoria do nagrzewnic";2700;"Przewód giętki czarno-żółty PVC 41 cm X 3 m"
"Akcesoria do nagrzewnic";2702;"Przewód giętki czarno-żółty PVC 41 cm X 7,6 m"
"Akcesoria do nagrzewnic";2705;"Przewód giętki czarno-żółty PVC 51 CM X 7.6 M"
"Akcesoria do nagrzewnic";2707;"Przewód giętki czarno-żółty PVC 61 CM X 7.6 M"
"Akcesoria do nagrzewnic";2709;"Przewód giętki czarno-żółty PVC 71 CM X 7.6 M"
"Akcesoria do nagrzewnic";2715;"Przewód giętki czarny NYLON 23 CM X 7.6 M"
"Akcesoria do nagrzewnic";2713;"Przewód giętki czarny NYLON 23 CM X 7.6 M"
"Akcesoria do nagrzewnic";2717;"Przewód giętki czarny NYLON 31 cm X 7,6m"
"Akcesoria do nagrzewnic";2719;"Przewód giętki czarny NYLON 34 cm X 7,6 m"
"Akcesoria do nagrzewnic";2723;"Przewód giętki czarny NYLON 41 cm x 7,6 m"
"Akcesoria do nagrzewnic";2724;"Przewód giętki czarny NYLON 51 CM X 7.6 M"
"Akcesoria do nagrzewnic";2726;"Przewód giętki czarny NYLON 61 CM X 7.6 M"
"Akcesoria do nagrzewnic";2729;"Przewód giętki czarny NYLON 71 CM X 7.6 M"
"Akcesoria do nagrzewnic";2730;"Przewód giętki izolowany 31 CM X 3 M"
"Akcesoria do nagrzewnic";2734;"Przewód giętki żółty PVC 21 CM X 7.6 M"
"Akcesoria do nagrzewnic";2736;"Przewód giętki żółty PVC 25 CM X 7.6 M"
"Akcesoria do nagrzewnic";2738;"Przewód giętki żółty PVC 31 CM X 7.6 M"
"Akcesoria do nagrzewnic";2740;"Przewód giętki żółty PVC 34 CM X 7.6 M"
"Akcesoria do nagrzewnic";2743;"Przewód giętki żółty PVC 41 CM X 7.6 M"
"Akcesoria do nagrzewnic";2745;"Przewód giętki żółty PVC 51 CM X 7.6 M"
"Akcesoria do nagrzewnic";2746;"Przewód paliwa MASTER - 4m"
"Akcesoria do nagrzewnic";2748;"Przewód THERMAFLEX 100mm x 12m"
"Akcesoria do nagrzewnic";2751;"Przewód Thermaflex 125mm x 12m"
"Akcesoria do nagrzewnic";2752;"Przewód THERMAFLEX 80mm X 12m"
"Akcesoria do nagrzewnic";2757;"Przewód zasilający 10 m | 10 kW | 400 V"
"Akcesoria do nagrzewnic";2759;"Przewód zasilający 10m 22kW 400V"
"Akcesoria do nagrzewnic";2761;"Przewód zasilający 10m 43 kW 400V B 30, RS 40"
"Akcesoria do nagrzewnic";2763;"Przewód zasilający 5m 10kW 400V"
"Akcesoria do nagrzewnic";2766;"Przewód zasilający 5m 22kW 400V"
"Akcesoria do nagrzewnic";2769;"Przewód zasilający 5m 43 kW 400V B 30, RS 40"
"Akcesoria do nagrzewnic";2798;"Rama kierunkowa BLP"
"Akcesoria do nagrzewnic";2801;"Rama ochronna (AIRREX AH-300i)"
"Akcesoria do nagrzewnic";2803;"Rama ochronna (AIRREX AH-800i)"
"Akcesoria do nagrzewnic";2850;"Regulator prędkości 10A"
"Akcesoria do nagrzewnic";2852;"Regulator prędkości 2,5A"
"Akcesoria do nagrzewnic";2855;"Regulator prędkości 5A"
"Akcesoria do nagrzewnic";2858;"Regulowane przedłużenie rury Rex Nordic (0-90°)"
"Akcesoria do nagrzewnic";2860;"Regulowane przedłużenie rury Rex Nordic (90°)"
"Akcesoria do nagrzewnic";2882;"Rozsuwane belki systemowe Master Heywall 3.6m"
"Akcesoria do nagrzewnic";1919;"Rura wylotowa 1m FI 200mm BV471/BV691"
"Akcesoria do nagrzewnic";1920;"Rura wylotowa 1m ze stali nierdzewnej 120mm"
"Akcesoria do nagrzewnic";1922;"Rura wylotowa 1m ze stali nierdzewnej 150mm BV 110, BV 170, BV 290, BV 400, BF 75"
"Akcesoria do nagrzewnic";1925;"Scale Master Pro XE"
"Akcesoria do nagrzewnic";1927;"Ściana przeciwpyłowa Master HEYWALL BASIC"
"Akcesoria do nagrzewnic";1929;"Ściana przeciwpyłowa Master HEYWALL PLUS"
"Akcesoria do nagrzewnic";2414;"Stojak do Hall 1500"
"Akcesoria do nagrzewnic";2629;"Szybkozłączka do zewnętrznego układu paliwowego B 230, B 360, BV 110, BV 170, BV 290"
"Akcesoria do nagrzewnic";2630;"Szybkozłączka do zewnętrznego układu paliwowego BV 400"
"Akcesoria do nagrzewnic";2632;"Szybkozłączka do zewnętrznego układu paliwowego BV 471, BV 691"
"Akcesoria do nagrzewnic";2636;"Szyny uszczelniające Master Heywall"
"Akcesoria do nagrzewnic";3782;"Termostat elektroniczny TH-D z przewodem (10m)"
"Akcesoria do nagrzewnic";3784;"Termostat elektroniczny TH-D z przewodem (5m)"
"Akcesoria do nagrzewnic";3785;"Termostat TAC z przewodem"
"Akcesoria do nagrzewnic";3786;"TERMOSTAT TH-2 POMIESZCZENIOWY"
"Akcesoria do nagrzewnic";3787;"Termostat TH-5 pomieszczeniowy (10m)"
"Akcesoria do nagrzewnic";3788;"Termostat TH-5 pomieszczeniowy (3m)"
"Akcesoria do nagrzewnic";3798;"Torba transportowa Master Heywall"
"Akcesoria do nagrzewnic";3791;"Tłumik AH-200i | AH-300i | AH-800i"
"Akcesoria do nagrzewnic";3072;"Uchwyt transportowy BV110/170"
"Akcesoria do nagrzewnic";3073;"Uchwyt transportowy BV290"
"Akcesoria do nagrzewnic";3087;"Uchwyty do transportu wózkiem widłowym BV 471"
"Akcesoria do nagrzewnic";3090;"Uchwyty do transportu wózkiem widłowym BV 691"
"Akcesoria do nagrzewnic";3092;"Uchwyty do wózka widłowego BV 400"
"Akcesoria do nagrzewnic";3099;"Układ do transportu dźwigiem BV 400"
"Akcesoria do nagrzewnic";3139;"Uszczelka palnika (AH-200i | AH-300i)"
"Akcesoria do nagrzewnic";3141;"Uszczelka palnika (AH-800i)"
"Akcesoria do nagrzewnic";3344;"Wąż ssawny MASTERCLIP PE DN 300 /MP"
"Akcesoria do nagrzewnic";3345;"Wąż ssawny MASTERCLIP PE DN 600 /MP"
"Akcesoria do nagrzewnic";3347;"Wąż ssawny MASTERCLIP PE DN 700 /MP"
"Akcesoria do nagrzewnic";4556;"Wlot powietrza 30cm ACD 137"
"Akcesoria do nagrzewnic";4561;"Worek pyłowy 12"""
"Akcesoria do nagrzewnic";4562;"Worek pyłowy 18"""
"Akcesoria do nagrzewnic";4564;"Worek pyłowy 8"""
"Akcesoria do nagrzewnic";4590;"Wózek transportowy (AIRREX AH-200i | AH-300i)"
"Akcesoria do nagrzewnic";4592;"Wózek transportowy (AIRREX AH-800i)"
"Akcesoria do nagrzewnic";4624;"Wsporniki górne i dolne Master Heywall"
"Akcesoria do nagrzewnic";4626;"Wsporniki ocynkowane"
"Akcesoria do nagrzewnic";4637;"Wylot powietrza 1-DROŻNY fi 70"
"Akcesoria do nagrzewnic";4639;"Wylot powietrza 2 x fi40"
"Akcesoria do nagrzewnic";4640;"Wylot powietrza 2 x fi50"
"Akcesoria do nagrzewnic";4642;"Wylot powietrza 4-DROŻNY 4X27CM"
"Akcesoria do nagrzewnic";4643;"Wylot powietrza 4-DROŻNY 4x32cm"
"Akcesoria do nagrzewnic";4644;"Wylot powietrza BV 471, 1-DROŻNY ø60"
"Akcesoria do nagrzewnic";3993;"Zaciski boczne Master Heywall"
"Akcesoria do nagrzewnic";3995;"Zaciski sufitowe Master Heywall"
"Akcesoria do nagrzewnic";4672;"Zamki błyskawiczne Master Heywall"
"Akcesoria do nagrzewnic";4676;"Zasilana bateryjnie pompa paliwowa Rex Nordic"
"Akcesoria do nagrzewnic";4681;"Zbiornik na wodę DHP55 - 5L"
"Akcesoria do nagrzewnic";4689;"Zbiornik paliwa 150L Master BV 471"
"Akcesoria do nagrzewnic";4688;"Zbiornik paliwa 200L Master BV 691"
"Akcesoria do nagrzewnic";4690;"Zdalny system sterowania SUPERMASTER 10"""
"Akcesoria do nagrzewnic";4692;"Zdalny system sterowania SUPERMASTER 4"""
"Akcesoria do nagrzewnic";4697;"Zestaw 2 filtrów hepa H13 + 2 filtry wstępne G4"
"Akcesoria do nagrzewnic";4714;"Zestaw części eksploatacyjnych (B 35 CED | B 35 CEL)"
"Akcesoria do nagrzewnic";4709;"Zestaw części eksploatacyjnych B100CED B100CEG B95CEL"
"Akcesoria do nagrzewnic";4710;"Zestaw części eksploatacyjnych B150CED B150CEG B145CEL"
"Akcesoria do nagrzewnic";4711;"Zestaw części eksploatacyjnych B180"
"Akcesoria do nagrzewnic";4712;"Zestaw części eksploatacyjnych B230"
"Akcesoria do nagrzewnic";4713;"Zestaw części eksploatacyjnych B300CED"
"Akcesoria do nagrzewnic";4715;"Zestaw części eksploatacyjnych B360"
"Akcesoria do nagrzewnic";4716;"Zestaw części eksploatacyjnych B70CED B65CEL"
"Akcesoria do nagrzewnic";4717;"Zestaw części eksploatacyjnych BV110"
"Akcesoria do nagrzewnic";4718;"Zestaw części eksploatacyjnych BV170"
"Akcesoria do nagrzewnic";4719;"Zestaw części eksploatacyjnych BV290"
"Akcesoria do nagrzewnic";4720;"Zestaw części eksploatacyjnych BV400"
"Akcesoria do nagrzewnic";4721;"Zestaw części eksploatacyjnych BV471 z podgrzewaczem paliwa"
"Akcesoria do nagrzewnic";4722;"Zestaw części eksploatacyjnych BV691 z podgrzewaczem paliwa"
"Akcesoria do nagrzewnic";4723;"Zestaw części eksploatacyjnych BV77"
"Akcesoria do nagrzewnic";4724;"Zestaw części eksploatacyjnych XL61 DC61"
"Akcesoria do nagrzewnic";4725;"Zestaw części eksploatacyjnych XL91"
"Akcesoria do nagrzewnic";4726;"Zestaw części eksploatacyjnych XL9SR MODEL 2019"
"Akcesoria do nagrzewnic";4727;"Zestaw do montażu na zewnątrz - ocynkowany CF 75 SPARK"
"Akcesoria do nagrzewnic";4731;"Zestaw do recyrkulacji powietrza BV 400"
"Akcesoria do nagrzewnic";4729;"Zestaw do recyrkulacji powietrza BV110/170"
"Akcesoria do nagrzewnic";4730;"Zestaw do recyrkulacji powietrza BV290"
"Akcesoria do nagrzewnic";4732;"Zestaw do recyrkulacji powietrza BV471"
"Akcesoria do nagrzewnic";4733;"Zestaw do recyrkulacji powietrza BV691"
"Akcesoria do nagrzewnic";4752;"Zestaw kół B35/70"
"Akcesoria do nagrzewnic";4755;"Zestaw kół obrotowych BV 471"
"Akcesoria do nagrzewnic";4756;"Zestaw kół obrotowych BV 691"
"Akcesoria do nagrzewnic";4760;"Zestaw kół XL61, DC61"
"Akcesoria do nagrzewnic";4815;"Zestaw mocowania komina BV 691"
"Akcesoria do nagrzewnic";4816;"Zestaw mocujący komina BV 471"
"Akcesoria do nagrzewnic";4836;"Zestaw serwisowy AIRREX (AH-200i | AH-300i)"
"Akcesoria do nagrzewnic";4837;"Zestaw serwisowy AIRREX (AH-800i)"
"Akcesoria do nagrzewnic";4853;"Zestaw wlotowy BV 400"
"Akcesoria do nagrzewnic";4861;"Zestaw zderzaków bocznych BV 471"
"Akcesoria do nagrzewnic";4862;"Zestaw zderzaków bocznych BV 691"
"Akcesoria do nagrzewnic";4869;"Złączki kątowe Master Heywall"
"Akcesoria do nagrzewnic";952;"Łącznik do sprzęgania butli gazowej CZ"
"Akcesoria do nagrzewnic";953;"Łącznik do sprzęgania butli gazowej PL"
"Akcesoria do nagrzewnic";959;"Ładowarka baterii MASTER"
"Akcesoria do odkurzaczy";38;"Adapter odkurzacza do bruzdownicy Tyrolit HCE150"
"Akcesoria do odkurzaczy";5433;"Chromowana ssawa szczelinowa IPC (Ø38 mm)"
"Akcesoria do odkurzaczy";926;"Cyklon do pierścienia podwyższającego odkurzacza do wody"
"Akcesoria do odkurzaczy";5495;"Filtr HEPA H13 Toolsa"
"Akcesoria do odkurzaczy";5494;"Filtr HEPA Toolsa do TAAC15"
"Akcesoria do odkurzaczy";539;"Filtr odkurzacza Husqvarna T4000 S36"
"Akcesoria do odkurzaczy";5493;"Filtr stożkowy Toolsa TAMC2000"
"Akcesoria do odkurzaczy";5490;"Filtr stożkowy Toolsa TAMC3000"
"Akcesoria do odkurzaczy";5428;"Filtr wstępny powietrza Tyrolit do VCE2400D"
"Akcesoria do odkurzaczy";722;"Guma ssawki"
"Akcesoria do odkurzaczy";5438;"Gumowa ssawa IPC (Ø50 mm)"
"Akcesoria do odkurzaczy";5435;"Komplet podwójnych aluminiowych rur IPC (Ø50 mm)"
"Akcesoria do odkurzaczy";5446;"Lanca P580 Ø1,40BEI"
"Akcesoria do odkurzaczy";5430;"Olejoodporny elastyczny wąż IPC (Ø38 mm) z mankietami – 4 m"
"Akcesoria do odkurzaczy";5434;"Olejoodporny elastyczny wąż IPC (Ø50–60 mm) z mankietami – 3 m"
"Akcesoria do odkurzaczy";1455;"Pierścień podwyższający odkurzacza do wody"
"Akcesoria do odkurzaczy";5445;"Pistolet IPC G6000"
"Akcesoria do odkurzaczy";5431;"Podwójna stalowa rura wlotowa IPC (Ø38 mm)"
"Akcesoria do odkurzaczy";2886;"Rura do odkurzacza przewód ssawny Pullman S26, Husqvarna S26, S36, DE 120"
"Akcesoria do odkurzaczy";1916;"Rura prosta plastikowo aluminiowa 38mm odkurzacza"
"Akcesoria do odkurzaczy";1918;"Rura wygięta plastikowa odkurzacza"
"Akcesoria do odkurzaczy";1985;"Separator Husqvarna C 3000 do odkurzaczy przemysłowych"
"Akcesoria do odkurzaczy";5491;"Silnik Ametec do odkurzaczy Norwit (1,2 kW | 230 V)"
"Akcesoria do odkurzaczy";5488;"Silnik do odkurzacza Toolsa TAAC15 (1,2 kW | 230 V)"
"Akcesoria do odkurzaczy";5436;"Ssawa do czyszczenia podłogi na mokro IPC (Ø50 mm)"
"Akcesoria do odkurzaczy";2225;"Ssawa na sucho"
"Akcesoria do odkurzaczy";2228;"Ssawa okrągła z włosiem"
"Akcesoria do odkurzaczy";2229;"Ssawa podłogowa Husqvarna S26"
"Akcesoria do odkurzaczy";5437;"Ssawy z prowadnicami z włosiem do podłogi IPC (2 szt.)"
"Akcesoria do odkurzaczy";5432;"Szczotka IPC (Ø38 mm) z wymiennymi prowadnicami"
"Akcesoria do odkurzaczy";2524;"Szczotka ssawy Husqvarna S26"
"Akcesoria do odkurzaczy";5447;"Turbo lanca TTR-16 M22 1,40"
"Akcesoria do odkurzaczy";4559;"Worek do odkurzacza Longopac Husqvarna 23m"
"Akcesoria do odkurzaczy";5523;"Worek LongoBag do odkurzaczy Toolsa"
"Akcesoria do odkurzaczy";5489;"Worek odkurzacza Toolsa TAAC15 (5 szt.)"
"Akcesoria do odkurzaczy";5492;"Wyłącznik silnika odkurzacza Toolsa"
"Akcesoria do polerowania i szlifowania";2446;"
Suprashine Heavy Duty PAD 21"" (533MM) z mikrodiamentem  220grit"
"Akcesoria do polerowania i szlifowania";2448;"
Suprashine Heavy Duty PAD 21"" (533MM) z mikrodiamentem  400grit"
"Akcesoria do polerowania i szlifowania";2450;"
Suprashine Heavy Duty PAD 24"" (610MM) z mikrodiamentem  220grit"
"Akcesoria do polerowania i szlifowania";2453;"
Suprashine Heavy Duty PAD 24"" (610MM) z mikrodiamentem  400grit"
"Akcesoria do polerowania i szlifowania";2454;"
Suprashine High Performance PAD 21"" (533MM) z mikrodiamentem  1800grit"
"Akcesoria do polerowania i szlifowania";2456;"
Suprashine High Performance PAD 21"" (533MM) z mikrodiamentem  3500grit"
"Akcesoria do polerowania i szlifowania";2459;"
Suprashine High Performance PAD 21"" (533MM) z mikrodiamentem  800grit"
"Akcesoria do polerowania i szlifowania";2460;"
Suprashine High Performance PAD 24"" (610MM) z mikrodiamentem  1800grit"
"Akcesoria do polerowania i szlifowania";2462;"
Suprashine High Performance PAD 24"" (610MM) z mikrodiamentem  3500grit"
"Akcesoria do polerowania i szlifowania";2464;"
Suprashine High Performance PAD 24"" (610MM) z mikrodiamentem  800grit"
"Akcesoria do polerowania i szlifowania";916;"Concrete Guard Lithium PRO Barikell Hyper Grinder nabłyszczanie i ochrona betonu"
"Akcesoria do polerowania i szlifowania";915;"Concrete Hardener Lithium Barikell Hyper Grinder utwardzacz do betonu"
"Akcesoria do polerowania i szlifowania";691;"Glowica RH 14"" na rzep "
"Akcesoria do polerowania i szlifowania";695;"Głowica szlifierska Norton Clipper GRD 252 (miękka, niebieska)"
"Akcesoria do polerowania i szlifowania";696;"Głowica szlifierska Norton Clipper GRD 252 S (średnia, zielona)"
"Akcesoria do polerowania i szlifowania";701;"Głowice szlifierskie Norton Clipper PCD CG 252"
"Akcesoria do polerowania i szlifowania";1533;"Mocowanie rzepów Barikell"
"Akcesoria do polerowania i szlifowania";1348;"PAD 14"" (356MM) DO CZYSZCZENIA SUPRASHINE HEAVY DUTY Z MIKRODIAMENTEM"
"Akcesoria do polerowania i szlifowania";1346;"PAD 14"" (356MM) DO CZYSZCZENIA SUPRASHINE HEAVY DUTY Z MIKRODIAMENTEM"
"Akcesoria do polerowania i szlifowania";1354;"PAD 14"" (356MM) DO CZYSZCZENIA SUPRASHINE HIGH PERFORMANCE Z MIKRODIAMENTEM"
"Akcesoria do polerowania i szlifowania";1352;"PAD 14"" (356MM) DO CZYSZCZENIA SUPRASHINE HIGH PERFORMANCE Z MIKRODIAMENTEM"
"Akcesoria do polerowania i szlifowania";1350;"PAD 14"" (356MM) DO CZYSZCZENIA SUPRASHINE HIGH PERFORMANCE Z MIKRODIAMENTEM"
"Akcesoria do polerowania i szlifowania";1356;"PAD POLERSKI TRAPEZOIDALNY XQCPOL Grit 100"
"Akcesoria do polerowania i szlifowania";1359;"PAD POLERSKI TRAPEZOIDALNY XQCPOL Grit 200"
"Akcesoria do polerowania i szlifowania";1361;"PAD POLERSKI TRAPEZOIDALNY XQCPOL Grit 400"
"Akcesoria do polerowania i szlifowania";1363;"PAD POLERSKI TRAPEZOIDALNY XQCPOL Grit 50"
"Akcesoria do polerowania i szlifowania";1365;"Pad polerujący DISCOLUX 8"" Barikell"
"Akcesoria do polerowania i szlifowania";1891;"POLIMEROWY PAD POLERSKI TYPU WAFFEL DO 9"" (230mm) HOLDERA Grit: 100"
"Akcesoria do polerowania i szlifowania";1892;"POLIMEROWY PAD POLERSKI TYPU WAFFEL DO 9"" (230mm) HOLDERA Grit: 1500"
"Akcesoria do polerowania i szlifowania";1896;"POLIMEROWY PAD POLERSKI TYPU WAFFEL DO 9"" (230mm) HOLDERA Grit: 200"
"Akcesoria do polerowania i szlifowania";1898;"POLIMEROWY PAD POLERSKI TYPU WAFFEL DO 9"" (230mm) HOLDERA Grit: 400"
"Akcesoria do polerowania i szlifowania";1900;"POLIMEROWY PAD POLERSKI TYPU WAFFEL DO 9"" (230mm) HOLDERA Grit: 50"
"Akcesoria do polerowania i szlifowania";1902;"POLIMEROWY PAD POLERSKI TYPU WAFFEL DO 9"" (230mm) HOLDERA Grit: 800"
"Akcesoria do polerowania i szlifowania";1909;"POLIMEROWY PAD WAFFEL 14"" (356MM) DO HONINGU I POLEROWANIA BETONU NA SPOIWIE POLIMEROWYM"
"Akcesoria do polerowania i szlifowania";1903;"POLIMEROWY PAD WAFFEL 14"" (356MM) DO HONINGU I POLEROWANIA BETONU NA SPOIWIE POLIMEROWYM"
"Akcesoria do polerowania i szlifowania";1921;"POLIMEROWY PAD WAFFEL 14"" (356MM) DO HONINGU I POLEROWANIA BETONU NA SPOIWIE POLIMEROWYM"
"Akcesoria do polerowania i szlifowania";1906;"POLIMEROWY PAD WAFFEL 14"" (356MM) DO HONINGU I POLEROWANIA BETONU NA SPOIWIE POLIMEROWYM"
"Akcesoria do polerowania i szlifowania";1923;"POLIMEROWY PAD WAFFEL 14"" (356MM) DO HONINGU I POLEROWANIA BETONU NA SPOIWIE POLIMEROWYM"
"Akcesoria do polerowania i szlifowania";1924;"Rzep do segmentów Barikell"
"Akcesoria do polerowania i szlifowania";1952;"Segment diamentowy (abrasivo) Barikell TCK00"
"Akcesoria do polerowania i szlifowania";1956;"Segment diamentowy Barikell PCD SCRAPER Quick Lock"
"Akcesoria do polerowania i szlifowania";1960;"Segment diamentowy do zdzierania żywic Barikell PCD"
"Akcesoria do polerowania i szlifowania";1962;"Segment diamentowy HYPER PCD SCRAPER Barikell Quick Lock"
"Akcesoria do polerowania i szlifowania";1968;"Segment diamentowy TCK ARROW Quick Lock"
"Akcesoria do polerowania i szlifowania";1972;"SEGMENT DO ZDZIERANIA POWIERZCHNI QUICKCHANGE EPCD BEZ PASKA"
"Akcesoria do polerowania i szlifowania";1974;"SEGMENT DO ZDZIERANIA POWIERZCHNI QUICKCHANGE EPCD BEZ PASKA (rotacja w lewo)"
"Akcesoria do polerowania i szlifowania";1976;"SEGMENT DO ZDZIERANIA POWIERZCHNI QUICKCHANGE EPCD Z PASKIEM"
"Akcesoria do polerowania i szlifowania";1979;"Segment szlifierski Norton Clipper FGW Universal brązowy"
"Akcesoria do polerowania i szlifowania";1981;"Segment szlifierski Norton Clipper FGW Universal srebrny"
"Akcesoria do polerowania i szlifowania";1982;"Segment szlifierski Norton Clipper FGW Universal szary"
"Akcesoria do polerowania i szlifowania";2535;"SZLFIERKA WYSOKOOBROTOWA PIONEER ECLIPSE 420BU 21"" (533MM)"
"Akcesoria do polerowania i szlifowania";3677;"Tarcza szlifierska TYROLIT PREMIUM DGU 100 X 18 MM"
"Akcesoria do polerowania i szlifowania";3678;"Tarcza szlifierska TYROLIT PREMIUM DGU 110 X 18 MM X 22,23 MM"
"Akcesoria do polerowania i szlifowania";3679;"Tarcza szlifierska TYROLIT PREMIUM DGU 110 X 18 MM X 22,23 MM"
"Akcesoria do polerowania i szlifowania";3680;"Tarcza szlifierska TYROLIT PREMIUM DGU 125 X 18 MM"
"Akcesoria do polerowania i szlifowania";3682;"Tarcza szlifierska TYROLIT PREMIUM DGU 180 X 19 MM"
"Akcesoria do polerowania i szlifowania";3681;"Tarcza szlifierska TYROLIT PREMIUM DGU-TURBO 100 X 18 MM"
"Akcesoria do polerowania i szlifowania";3684;"Tarcza szlifierska TYROLIT PREMIUM DGU-TURBO 125 X 20 MM"
"Akcesoria do polerowania i szlifowania";3683;"Tarcza szlifierska TYROLIT PREMIUM DGU-TURBO 180 X 32 MM"
"Akcesoria do polerowania i szlifowania";3685;"Tarcza szlifierska TYROLIT STANDARD DGU DOUBLE ROW 100 X 18 MM"
"Akcesoria do polerowania i szlifowania";3686;"Tarcza szlifierska TYROLIT STANDARD DGU DOUBLE ROW 110 X 18 MM"
"Akcesoria do polerowania i szlifowania";3688;"Tarcza szlifierska TYROLIT STANDARD DGU DOUBLE ROW 125 X 20 MM"
"Akcesoria do polerowania i szlifowania";3687;"Tarcza szlifierska TYROLIT STANDARD DGU DOUBLE ROW 180 X 32 MM"
"Akcesoria do polerowania i szlifowania";3689;"Tarcza szlifierska TYROLIT STANDARD DGU-TURBO 100 X 18 MM"
"Akcesoria do polerowania i szlifowania";3690;"Tarcza szlifierska TYROLIT STANDARD DGU-TURBO 125 X 20 MM"
"Akcesoria do polerowania i szlifowania";3692;"Tarcza szlifierska TYROLIT STANDARD DGU-TURBO 180 X 32 MM"
"Akcesoria do polerowania i szlifowania";2894;"TROWEL SHINE ZESTAW COMBO 1X DO ZACIERACZKI 600 MM"
"Akcesoria do polerowania i szlifowania";3105;"ULTRALIT GLOSS SHIELD IMPREGNAT DO BETONU O DUŻEJ ZAWARTOŚCI NANO POLIMERU 20L"
"Akcesoria do polerowania i szlifowania";3107;"ULTRALIT GLOSS SHIELD IMPREGNAT DO BETONU O DUŻEJ ZAWARTOŚCI NANO POLIMERU 5L"
"Akcesoria do polerowania i szlifowania";3109;"ULTRALIT HARD CURE IMPREGNAT LITOWY 2W1NA ŚWIEŻY I STARY BETON 20L"
"Akcesoria do polerowania i szlifowania";3110;"ULTRALIT HARD CURE IMPREGNAT LITOWY 2W1NA ŚWIEŻY I STARY BETON 5L"
"Akcesoria do polerowania i szlifowania";3113;"ULTRALIT HARD STANDARD KRZEMIAN LITU DO BETONU 12% 20L"
"Akcesoria do polerowania i szlifowania";3115;"ULTRALIT MATT LOCK- PŁYN ZABEZPIECZAJĄCY I ZAMYKAJĄCY BETON 20L"
"Akcesoria do polerowania i szlifowania";3116;"ULTRALIT MATT LOCK- PŁYN ZABEZPIECZAJĄCY I ZAMYKAJĄCY BETON 5L"
"Akcesoria do polerowania i szlifowania";3142;"Utwardzacz betonu H35 5 litrów"
"Akcesoria do pomp";3340;"Wąż ssawny do pompy spalinowej PCV 52 - 1m"
"Akcesoria do pomp";3342;"Wąż ssawny do pompy spalinowej PCV 75 - 1m"
"Akcesoria do pomp";3349;"Wąż tłoczny strażacki do pompy długości 20m parciano gumowy W52mm 2"""
"Akcesoria do pomp";3351;"Wąż tłoczny strażacki do pompy parciano gumowy 20m W75mm 3"""
"Akcesoria do pomp";4867;"Złącze kłowe strażacki 2"" 52mm GW gwint wewnętrzny"
"Akcesoria do pomp";4864;"Złącze kłowe strażacki 3"" 75mm GW gwint wewnętrzny"
"Akcesoria do wiertnic rdzeniowych";193;"Drążek nagwintowany radełkowany M12"
"Akcesoria do wiertnic rdzeniowych";208;"Duża nakrętka udarowa do drążka M12"
"Akcesoria do wiertnic rdzeniowych";4993;"Hydronetka Tyrolit 10l"
"Akcesoria do wiertnic rdzeniowych";1798;"Pobijak do kotwy M12"
"Akcesoria do wiertnic rdzeniowych";5013;"Przystawka do odkurzacza Tyrolit"
"Akcesoria do wiertnic rdzeniowych";4764;"Zestaw kotwiący do wiertnic Tyrolit"
"Akcesoria do zacieraczek";593;"Fotel siedzenie do zacieraczek Barikell 8-90 8-120"
"Akcesoria do zacieraczek";2687;"Talerz dwustronny dla Enar TIFON (1200 mm)"
"Akcesoria do zacieraczek";2688;"Talerz dwustronny dla Enar TIFON (600 mm)"
"Akcesoria do zacieraczek";2690;"Talerz dwustronny dla Enar TIFON (900 mm)"
"Akcesoria do zacieraczek";4593;"Wózek transportowy BARIKELL MK8-90 I MK8-120"
"Akcesoria do zacieraczek";4699;"Zestaw 4 łopatek Combi dla Enar TIFON (1200 mm)"
"Akcesoria do zacieraczek";4698;"Zestaw 4 łopatek Combi dla Enar TIFON (900 mm)"
"Akcesoria do zacieraczek";4700;"Zestaw 4 łopatek dla Enar TIFON (1200 mm)"
"Akcesoria do zacieraczek";4701;"Zestaw 4 łopatek dla Enar TIFON (600 mm)"
"Akcesoria do zacieraczek";4702;"Zestaw 4 łopatek dla Enar TIFON (900 mm)"
"Akcesoria do zacieraczek";5384;"Łopatki Beton Trowel F75416PT (4 szt.)"
"Akcesoria do zacieraczek";5385;"Łopatki plastikowe Beton Trowel F75416PTP (4 szt.)"
"Akcesoria do zagęszczarek";624;"Bateria Wacker Neuson BP 1000"
"Akcesoria do zagęszczarek";626;"Bateria Wacker Neuson BP 1400"
"Akcesoria do zagęszczarek";629;"Bateria Wacker Neuson BP 500"
"Akcesoria do zagęszczarek";271;"Elastomer BOMAG  BVP1845"
"Akcesoria do zagęszczarek";273;"Elastomer Norton Clipper CFP14W"
"Akcesoria do zagęszczarek";275;"Elastomer Norton Clipper CFP16W"
"Akcesoria do zagęszczarek";277;"Elastomer płyta do zagęszczarki HUSQVARNA LF75"
"Akcesoria do zagęszczarek";281;"Elastomer Wacker Neuson AP 1850x"
"Akcesoria do zagęszczarek";284;"Elastomer Wacker Neuson AP 2560x"
"Akcesoria do zagęszczarek";286;"Elastomer Wacker Neuson APS 1030x BPS 1030x"
"Akcesoria do zagęszczarek";288;"Elastomer Wacker Neuson APS 1135x BPS 1135x"
"Akcesoria do zagęszczarek";290;"Elastomer Wacker Neuson APS 1340x BPS 1340x"
"Akcesoria do zagęszczarek";292;"Elastomer Wacker Neuson APS 1550x - 2050x / BPS 1550x - 2050x"
"Akcesoria do zagęszczarek";295;"Elastomer Wacker Neuson BPU 3545, DPU 4045/4545,5045/5545 starsze wersje"
"Akcesoria do zagęszczarek";297;"Elastomer Wacker Neuson BPU/DPU 2540"
"Akcesoria do zagęszczarek";299;"Elastomer Wacker Neuson BPU/DPU 2550/3050/3750"
"Akcesoria do zagęszczarek";301;"Elastomer Wacker Neuson BPU/DPU 2560/3060/3760"
"Akcesoria do zagęszczarek";303;"Elastomer Wacker Neuson BPU/DPU 3070"
"Akcesoria do zagęszczarek";305;"Elastomer Wacker Neuson DPU 2960"
"Akcesoria do zagęszczarek";307;"Elastomer Wacker Neuson DPU 2970"
"Akcesoria do zagęszczarek";310;"Elastomer Wacker Neuson DPU 4045,5045 poprzednia wersja"
"Akcesoria do zagęszczarek";313;"Elastomer Wacker Neuson DPU 40xx-5xxx nowa wersja od stycznia 2015"
"Akcesoria do zagęszczarek";319;"Elastomer Wacker Neuson DPU 6055 HEAP/ 6555 HEAP nowa wersja od stycznia 2015"
"Akcesoria do zagęszczarek";320;"Elastomer Wacker Neuson DPU 6055 HEAP/ 6555 Heap poprzednia wersja"
"Akcesoria do zagęszczarek";315;"Elastomer Wacker Neuson DPU 6055/6555 nowa wersja od stycznia 2015"
"Akcesoria do zagęszczarek";316;"Elastomer Wacker Neuson DPU 6055/6555 poprzednie wersje"
"Akcesoria do zagęszczarek";323;"Elastomer Wacker Neuson seria 2440"
"Akcesoria do zagęszczarek";325;"Elastomer Wacker Neuson seria 2450"
"Akcesoria do zagęszczarek";326;"Elastomer Wacker Neuson seria 2950"
"Akcesoria do zagęszczarek";329;"Elastomer Wacker Neuson VP1135"
"Akcesoria do zagęszczarek";330;"Elastomer Wacker Neuson VP1340A"
"Akcesoria do zagęszczarek";333;"Elastomer zagęszczarki Beton Trowel BTPC160"
"Akcesoria do zagęszczarek";334;"Elastomer zagęszczarki Beton Trowel BTPC95"
"Akcesoria do zagęszczarek";544;"Filtr paliwa Yanmar do zagęszczarek Wacker Neuson DPU4045YEH DPU40YEH DPU45YEH"
"Akcesoria do zagęszczarek";552;"Filtr powietrza do przecinarki Echo CSG-7410ES"
"Akcesoria do zagęszczarek";554;"Filtr powietrza Hatz 1B40/1B50 Bomag, Wacker"
"Akcesoria do zagęszczarek";561;"Filtr powietrza Honda GX 160 oryginał"
"Akcesoria do zagęszczarek";566;"Filtr powietrza Honda GX 390 okrągły"
"Akcesoria do zagęszczarek";569;"Filtr powietrza Honda GX 390 okrągły oryginał"
"Akcesoria do zagęszczarek";571;"Filtr powietrza Honda GX 390 Oryginał"
"Akcesoria do zagęszczarek";574;"Filtr powietrza Honda GX 390 owalny"
"Akcesoria do zagęszczarek";577;"Filtr powietrza Yanmar do zagęszczarek Wacker Neuson DPU4045YEH DPU40YEH DPU45YEH"
"Akcesoria do zagęszczarek";5262;"Korba Wacker Neuson DPU 5545"
"Akcesoria do zagęszczarek";5397;"Koła transportowe BT 65"
"Akcesoria do zagęszczarek";847;"Kółka transportowe do zacieraczki Altrad Belle"
"Akcesoria do zagęszczarek";849;"Kółka transportowe do zagęszczarek Belle PCX20A, PCX13/40"
"Akcesoria do zagęszczarek";851;"Kółka transportowe do zagęszczarek Belle serii PCLX"
"Akcesoria do zagęszczarek";853;"Kółka transportowe do zagęszczarek Belle serii PCX"
"Akcesoria do zagęszczarek";855;"Kółka transportowe do zagęszczarek rewersyjnych Belle RPC30"
"Akcesoria do zagęszczarek";857;"Kółka transportowe Wacker Neuson AP 1850x - 2560x"
"Akcesoria do zagęszczarek";859;"Kółka transportowe Wacker Neuson APS 10xx - 13xx oraz BPS 10xx - 13xx"
"Akcesoria do zagęszczarek";861;"Kółka transportowe Wacker Neuson APS 15xx - 20xx oraz BPS 15xx - 20xx"
"Akcesoria do zagęszczarek";4947;"Olej do Wibratora zagęszczarki 15W40 1l"
"Akcesoria do zagęszczarek";1369;"Pakiet konserwacyjny Wacker DPU 4045Hxx, 4545Hxx, 5045Hxx, 5545Hxx etap IV i V"
"Akcesoria do zagęszczarek";1375;"Pakiet konserwacyjny Wacker DPU 6055, 6555Hxx etap IV i V"
"Akcesoria do zagęszczarek";1368;"Pakiet konserwacyjny Wacker DPU30..He(ts) od V102, DPU 3750Hets, DPU 3760Hets"
"Akcesoria do zagęszczarek";1371;"Pakiet konserwacyjny Wacker DPU4045Yeh"
"Akcesoria do zagęszczarek";1382;"Pakiet serwisowy do zagęszczarki Bomag BP 10/35, BP 12/40, BP12/50 A"
"Akcesoria do zagęszczarek";1385;"Pakiet serwisowy do zagęszczarki Bomag BP 20/50 D, BP 25/50 D"
"Akcesoria do zagęszczarek";1383;"Pakiet serwisowy do zagęszczarki Bomag BP 20/50, BP 25/50"
"Akcesoria do zagęszczarek";1387;"Pakiet serwisowy do zagęszczarki Bomag BPR 100/80 D/E"
"Akcesoria do zagęszczarek";1389;"Pakiet serwisowy do zagęszczarki Bomag BPR 25/40, 25/50"
"Akcesoria do zagęszczarek";1393;"Pakiet serwisowy do zagęszczarki Bomag BPR 25/40D, 25/50D"
"Akcesoria do zagęszczarek";1395;"Pakiet serwisowy do zagęszczarki Bomag BPR 35/42 - 35/60 DE"
"Akcesoria do zagęszczarek";1396;"Pakiet serwisowy do zagęszczarki Bomag BPR 40/60"
"Akcesoria do zagęszczarek";1399;"Pakiet serwisowy do zagęszczarki Bomag BPR 45/55 D/E"
"Akcesoria do zagęszczarek";1400;"Pakiet serwisowy do zagęszczarki Bomag BPR 50/55 D/E, BPR 60/65 DE"
"Akcesoria do zagęszczarek";1401;"Pakiet serwisowy do zagęszczarki Bomag BPR 60/65"
"Akcesoria do zagęszczarek";1403;"Pakiet serwisowy do zagęszczarki Bomag BPR 70/70"
"Akcesoria do zagęszczarek";1405;"Pakiet serwisowy do zagęszczarki Bomag BPR 70/70 D/E"
"Akcesoria do zagęszczarek";1407;"Pakiet serwisowy do zagęszczarki Bomag BVP 10/30"
"Akcesoria do zagęszczarek";1409;"Pakiet serwisowy do zagęszczarki Bomag BVP 10/36"
"Akcesoria do zagęszczarek";1411;"Pakiet serwisowy do zagęszczarki Bomag BVP 12/50A"
"Akcesoria do zagęszczarek";1413;"Pakiet serwisowy do zagęszczarki Bomag BVP 18/45"
"Akcesoria do zagęszczarek";1415;"Pakiet serwisowy do zagęszczarki Bomag BVP 18/45 D"
"Akcesoria do zagęszczarek";1420;"Pakiet serwisowy Honda GX 270(świeca, olej, filtr powietrza) Oryginał"
"Akcesoria do zagęszczarek";1422;"Pakiet serwisowy Honda GX 390 (świeca, olej, filtr powietrza) Oryginał"
"Akcesoria do zagęszczarek";1426;"Pakiet serwisowy Wacker Neuson BS 50, BS 60, BS 70"
"Akcesoria do zagęszczarek";1805;"Podgrzewacz paliwa i filtr (konwersja na Biopaliwo) BV 471, BV 691"
"Akcesoria do zagęszczarek";1807;"Podkład Enar elastomerowy 400 mm"
"Akcesoria do zagęszczarek";1809;"Podkład Enar elastomerowy 500 mm"
"Akcesoria do zagęszczarek";1811;"Podkład Enar elastomerowy model C"
"Akcesoria do zagęszczarek";1812;"Podkład Enar elastomerowy model D"
"Akcesoria do zagęszczarek";1814;"Podkładka elastyczna do kostki brukowej 400 mm do Altrad Belle RPX 35/40"
"Akcesoria do zagęszczarek";1816;"Podkładka elastyczna do kostki brukowej 500 mm do Altrad Belle RPC 30"
"Akcesoria do zagęszczarek";1818;"Podkładka elastyczna do kostki brukowej 500 mm do Altrad Belle RPX 35/50"
"Akcesoria do zagęszczarek";1820;"Podkładka elastyczna do kostki brukowej 600 mm do Altrad Belle RPX 35/60"
"Akcesoria do zagęszczarek";1822;"Podkładka elastyczna do kostki brukowej do Altrad Belle PCLX 320"
"Akcesoria do zagęszczarek";1824;"Podkładka elastyczna do kostki brukowej do Altrad Belle PCLX 400"
"Akcesoria do zagęszczarek";1825;"Podkładka elastyczna do kostki brukowej do Altrad Belle PCX 13/40"
"Akcesoria do zagęszczarek";1827;"Podkładka elastyczna do kostki brukowej do Altrad Belle PCX 450"
"Akcesoria do zagęszczarek";1830;"Podkładka elastyczna do kostki brukowej do Altrad Belle PCX 500 PCX 20/50"
"Akcesoria do zagęszczarek";3795;"Tłumik wydechu Barikell Briggs & Stratton Vanguard 31/35 HP z osłoną wylot filtr oleju"
"Akcesoria do zagęszczarek";3796;"Tłumik wydechu Barikell Kohler 23,5/25 HP wylot filtr oleju"
"Akcesoria do zagęszczarek";4685;"Zbiornik na wodę ze zraszaczem do Belle PCX 500"
"Akcesoria do zagęszczarek";5459;"Zbiornik wody Altrad Belle do PCX 13/40"
"Akcesoria do zagęszczarek";5548;"Zestaw kół Enar dla ZEN-L"
"Akcesoria do zagęszczarek";5547;"Zestaw uchwytu do podnoszenia Enar (4 szt.) dla ZEN-L"
